Day_of_week,Age_band_of_driver,Sex_of_driver,Educational_level,Vehicle_driver_relation,Driving_experience,Type_of_vehicle,Service_year_of_vehicle,Defect_of_vehicle,Lanes_or_Medians,Types_of_Junction,Road_surface_conditions,Light_conditions,Type_of_collision,Number_of_vehicles_involved,Number_of_casualties,Vehicle_movement,Casualty_class,Casualty_severity,Pedestrian_movement,Cause_of_accident,Accident_severity,Hour
Thursday,Young_Adult,Male,Middle,Employee,Beginner,Automobile,Unknown,Unknown,Undivided_Two-way,Y,Dry,Daylight,Vehicles,2,3,Backward,Unknown,0,No_pedestrian,Driving_carelessly,Slight Injury,17
Thursday,Young_Adult,Male,Middle,Owner,Intermediate,Automobile,Valid_Recent_Exp,With defect,Undivided_Two-way,Y,Dry,Daylight,Vehicles,2,3,Forward,Pedestrian,3,Pedestrian,Driving_carelessly,Slight Injury,17
Friday,Young_Adult,Male,Middle,Owner,Intermediate,Automobile,Advanced_Exp,No defect,Other,Y,Dry,Daylight,Vehicles,2,1,Forward,Unknown,0,No_pedestrian,Driving_carelessly,Slight Injury,14
Friday,Adult,Male,Unknown,Employee,Unknown,Public,Moderate_Exp,No defect,Undivided_Two-way,Y,Dry,Daylight,Vehicles,2,1,Forward,Driver or rider,3,No_pedestrian,Other,Slight Injury,14
Friday,Underage,Male,Middle,Owner,Beginner,Automobile,Valid_Recent_Exp,No defect,Undivided_Two-way,Crossing,Dry,Daylight,Vehicles,3,1,Forward,Driver or rider,3,No_pedestrian,Other,Slight Injury,18
Friday,Older_Adult,Male,Middle,Unknown,Beginner,Public,Valid_Recent_Exp,No defect,Other,Crossing,Dry,Daylight,Vehicles,3,1,Forward,Driver or rider,3,No_pedestrian,Other,Slight Injury,18
Friday,Young_Adult,Male,Middle,Employee,Beginner,Public,Valid_Recent_Exp,No defect,One-way,Crossing,Dry,Daylight,Vehicles,3,1,Forward,Unknown,0,No_pedestrian,No_distance,Slight Injury,18
Saturday,Adult,Male,Advanced,Employee,Beginner,Automobile,Moderate_Exp,No defect,Undivided_Two-way,No_junction,Dry,Daylight,Animated_Objects,1,1,Forward,Driver or rider,3,No_pedestrian,Other,Fatal injury,11
Friday,Adult,Male,Middle,Employee,Expert,Lorry,Valid_Recent_Exp,No defect,Undivided_Two-way,Y,Dry,Darkness,Animated_Objects,2,1,Forward,Unknown,0,No_pedestrian,Driving_carelessly,Slight Injury,22
Friday,Young_Adult,Male,Middle,Employee,Beginner,Automobile,Valid_Recent_Exp,No defect,Divided_Two-way,Y,Dry,Darkness,Vehicles,2,1,Forward,Unknown,0,No_pedestrian,Driving_carelessly,Slight Injury,22
Tuesday,Older_Adult,Male,Middle,Employee,Intermediate,Lorry,Unknown,With defect,Other,No_junction,Dry,Darkness,Vehicles,2,1,Turn,Driver or rider,3,No_pedestrian,No_distance,Slight Injury,21
Tuesday,Young_Adult,Male,Advanced,Unknown,Intermediate,Other,Unknown,No defect,Divided_Two-way,No_junction,Dry,Darkness,Vehicles,2,1,Forward,Driver or rider,3,No_pedestrian,Other,Slight Injury,21
Tuesday,Young_Adult,Male,Middle,Employee,Expert,Pick up,Valid_Recent_Exp,No defect,Divided_Two-way,Y,Dry,Daylight,Vehicles,2,1,Backward,Driver or rider,3,No_pedestrian,Changing_lane,Slight Injury,14
Tuesday,Adult,Male,Elementary,Employee,Advanced,Lorry,Valid_Recent_Exp,No defect,Undivided_Two-way,Y,Dry,Daylight,Vehicles,2,1,Forward,Passenger,3,No_pedestrian,No_distance,Slight Injury,14
Thursday,Older_Adult,Male,Middle,Employee,Beginner,Other,Valid_Recent_Exp,No defect,Undivided_Two-way,Y,Dry,Daylight,Vehicles,1,1,Forward,Pedestrian,3,Pedestrian,Driving_carelessly,Slight Injury,14
Monday,Adult,Male,Middle,Employee,Advanced,Pick up,Unknown,No defect,Other,Other,Dry,Daylight,Vehicles,2,1,Backward,Unknown,0,No_pedestrian,No_distance,Slight Injury,15
Monday,Underage,Male,Middle,Employee,Intermediate,Lorry,Unknown,No defect,Other,Other,Dry,Daylight,Vehicles,2,1,Forward,Driver or rider,3,No_pedestrian,Driving_carelessly,Slight Injury,15
Thursday,Adult,Male,Middle,Employee,Beginner,Lorry,Advanced_Exp,No defect,Divided_Two-way,Y,Dry,Daylight,Vehicles,2,1,Forward,Unknown,0,No_pedestrian,Changing_lane,Slight Injury,8
Thursday,Young_Adult,Male,Advanced,Employee,Expert,Automobile,Unknown,No defect,Undivided_Two-way,Y,Dry,Daylight,Vehicles,2,1,Stop,Driver or rider,3,No_pedestrian,Driving_carelessly,Slight Injury,8
Tuesday,Young_Adult,Male,Advanced,Employee,Intermediate,Automobile,Unknown,No defect,Divided_Two-way,No_junction,Not dry,Darkness,Vehicles,2,3,Backward,Unknown,0,No_pedestrian,Driving_carelessly,Slight Injury,19
Tuesday,Young_Adult,Male,Elementary,Employee,Advanced,Other,Moderate_Exp,No defect,Divided_Two-way,No_junction,Not dry,Darkness,Vehicles,2,3,Backward,Driver or rider,3,No_pedestrian,Changing_lane,Slight Injury,19
Tuesday,Young_Adult,Male,Elementary,Employee,Beginner,Other,Moderate_Exp,No defect,Undivided_Two-way,No_junction,Not dry,Darkness,Vehicles,2,3,Forward,Driver or rider,3,No_pedestrian,Other,Slight Injury,19
Friday,Older_Adult,Male,Middle,Employee,Unknown,Automobile,Moderate_Exp,No defect,Undivided_Two-way,Crossing,Dry,Daylight,Vehicles,2,1,Unknown,Passenger,3,No_pedestrian,Other,Serious Injury,12
Friday,Young_Adult,Male,Unknown,Unknown,Unknown,Automobile,Unknown,No defect,Undivided_Two-way,Crossing,Dry,Daylight,Vehicles,2,1,Forward,Unknown,0,No_pedestrian,Driving_carelessly,Serious Injury,12
Tuesday,Adult,Male,Elementary,Employee,Advanced,Other,Moderate_Exp,No defect,Undivided_Two-way,Y,Dry,Daylight,Vehicles,2,2,Forward,Driver or rider,3,No_pedestrian,Other,Slight Injury,17
Tuesday,Older_Adult,Male,Middle,Employee,Intermediate,Automobile,Unknown,No defect,Undivided_Two-way,Y,Dry,Daylight,Vehicles,2,2,Forward,Passenger,3,No_pedestrian,Driving_carelessly,Slight Injury,17
Saturday,Older_Adult,Male,Middle,Employee,Advanced,Lorry,Unknown,No defect,Undivided_Two-way,Crossing,Dry,Daylight,Vehicles,2,1,Backward,Passenger,3,No_pedestrian,Driving_carelessly,Slight Injury,11
Saturday,Young_Adult,Male,Middle,Employee,Intermediate,Automobile,Advanced_Exp,No defect,Undivided_Two-way,Crossing,Dry,Daylight,Vehicles,2,1,Forward,Unknown,0,No_pedestrian,Driving_carelessly,Slight Injury,11
Thursday,Older_Adult,Male,Middle,Employee,Beginner,Other,Moderate_Exp,No defect,Divided_Two-way,No_junction,Dry,Daylight,Vehicles,2,1,Forward,Unknown,0,No_pedestrian,Changing_lane,Slight Injury,14
Thursday,Older_Adult,Male,Middle,Employee,Beginner,Automobile,Advanced_Exp,No defect,Divided_Two-way,No_junction,Dry,Daylight,Vehicles,2,1,Forward,Driver or rider,3,No_pedestrian,Other,Slight Injury,14
Wednesday,Adult,Male,Middle,Employee,Advanced,Automobile,Advanced_Exp,No defect,Other,Crossing,Dry,Daylight,Inanimated_Objects,2,1,Forward,Unknown,0,No_pedestrian,Driving_carelessly,Slight Injury,16
Wednesday,Young_Adult,Male,Elementary,Employee,Unknown,Automobile,Unknown,No defect,Undivided_Two-way,Crossing,Dry,Daylight,Inanimated_Objects,2,1,Forward,Driver or rider,3,No_pedestrian,Changing_lane,Slight Injury,16
Friday,Adult,Male,Middle,Employee,Advanced,Automobile,Advanced_Exp,No defect,Undivided_Two-way,Other,Dry,Daylight,Vehicles,2,2,Backward,Unknown,0,No_pedestrian,Driving_carelessly,Slight Injury,15
Friday,Adult,Male,Middle,Employee,Beginner,Lorry,Unknown,No defect,Divided_Two-way,Other,Dry,Daylight,Vehicles,2,2,Forward,Driver or rider,3,No_pedestrian,Driving_carelessly,Slight Injury,15
Friday,Young_Adult,Male,Middle,Employee,Intermediate,Other,Unknown,Unknown,Divided_Two-way,Other,Dry,Daylight,Vehicles,2,2,Forward,Passenger,3,No_pedestrian,Driving_carelessly,Slight Injury,15
Wednesday,Young_Adult,Male,Middle,Employee,Expert,Pick up,Advanced_Exp,Unknown,Other,No_junction,Dry,Daylight,Vehicles,2,1,Forward,Pedestrian,2,Pedestrian,Changing_lane,Slight Injury,17
Wednesday,Underage,Male,Middle,Owner,Advanced,Pick up,Advanced_Exp,Unknown,Divided_Two-way,No_junction,Dry,Daylight,Inanimated_Objects,2,1,Forward,Unknown,0,No_pedestrian,Changing_lane,Slight Injury,17
Saturday,Young_Adult,Male,Middle,Employee,Beginner,Automobile,Valid_Recent_Exp,Unknown,Other,No_junction,Dry,Daylight,Vehicles,2,2,Forward,Driver or rider,3,No_pedestrian,Driving_carelessly,Slight Injury,12
Saturday,Adult,Male,Middle,Employee,Expert,Lorry,Unknown,No defect,Divided_Two-way,No_junction,Dry,Daylight,Inanimated_Objects,2,2,Forward,Passenger,3,No_pedestrian,Other,Slight Injury,12
Saturday,Adult,Male,Middle,Employee,Beginner,Automobile,Unknown,Unknown,One-way,No_junction,Dry,Daylight,Inanimated_Objects,2,2,Forward,Unknown,0,No_pedestrian,Changing_lane,Slight Injury,12
Tuesday,Young_Adult,Male,Middle,Employee,Intermediate,Public,Unknown,Unknown,One-way,Crossing,Not dry,Daylight,Animated_Objects,1,1,Forward,Pedestrian,3,Pedestrian,No_distance,Slight Injury,16
Thursday,Unknown,Male,Middle,Employee,Expert,Lorry,Unknown,Unknown,One-way,No_junction,Dry,Daylight,Vehicles,2,1,Stop,Pedestrian,3,No_pedestrian,Other,Slight Injury,8
Thursday,Young_Adult,Male,Middle,Employee,Intermediate,Public,Unknown,Unknown,Undivided_Two-way,No_junction,Dry,Daylight,Inanimated_Objects,2,1,Forward,Pedestrian,2,Pedestrian,Changing_lane,Slight Injury,8
Friday,Adult,Male,Elementary,Employee,Advanced,Other,Unknown,No defect,One-way,No_junction,Dry,Darkness,Vehicles,1,1,Forward,Driver or rider,3,No_pedestrian,Changing_lane,Fatal injury,17
Monday,Young_Adult,Male,Unknown,Unknown,Unknown,Lorry,Unknown,Unknown,Divided_Two-way,Y,Dry,Daylight,Vehicles,2,1,Forward,Driver or rider,3,No_pedestrian,Other,Serious Injury,17
Monday,Adult,Male,Elementary,Employee,Beginner,Lorry,Valid_Recent_Exp,Unknown,Undivided_Two-way,Y,Dry,Daylight,Vehicles,2,1,Forward,Passenger,3,No_pedestrian,Other,Serious Injury,17
Saturday,Young_Adult,Male,Elementary,Employee,Advanced,Lorry,Unknown,Unknown,Unknown,Y,Dry,Daylight,Vehicles,1,1,Forward,Passenger,3,No_pedestrian,Other,Serious Injury,14
Thursday,Young_Adult,Male,Elementary,Employee,Advanced,Pick up,Unknown,Unknown,One-way,Y,Dry,Daylight,Vehicles,2,1,Forward,Passenger,3,No_pedestrian,Other,Slight Injury,9
Thursday,Adult,Male,Middle,Employee,Beginner,Pick up,Unknown,Unknown,Divided_Two-way,Y,Dry,Daylight,Vehicles,2,1,Forward,Unknown,0,No_pedestrian,Driving_carelessly,Slight Injury,9
Tuesday,Older_Adult,Male,Middle,Employee,Advanced,Lorry,Unknown,Unknown,Unknown,Crossing,Dry,Daylight,Inanimated_Objects,1,1,Forward,Driver or rider,3,No_pedestrian,Other,Slight Injury,7
Sunday,Young_Adult,Male,Middle,Employee,Advanced,Lorry,Unknown,Unknown,Unknown,Unknown,Dry,Daylight,Vehicles,2,2,Forward,Unknown,0,No_pedestrian,Other,Slight Injury,12
Sunday,Young_Adult,Male,Middle,Employee,Intermediate,Automobile,Unknown,Unknown,Divided_Two-way,Unknown,Dry,Daylight,Inanimated_Objects,2,2,Forward,Driver or rider,3,No_pedestrian,Driving_carelessly,Slight Injury,12
Sunday,Young_Adult,Male,Middle,Employee,Beginner,Other,Unknown,No defect,Divided_Two-way,Unknown,Dry,Daylight,Vehicles,2,2,Forward,Pedestrian,3,Pedestrian,Driving_carelessly,Slight Injury,12
Monday,Young_Adult,Male,Middle,Employee,Advanced,Unknown,Moderate_Exp,Unknown,Undivided_Two-way,No_junction,Dry,Darkness,Vehicles,1,1,Forward,Unknown,0,No_pedestrian,Changing_lane,Slight Injury,18
Thursday,Older_Adult,Male,Middle,Employee,Advanced,Automobile,Unknown,Unknown,Divided_Two-way,Y,Not dry,Darkness,Inanimated_Objects,2,1,Turn,Driver or rider,3,No_pedestrian,Changing_lane,Serious Injury,7
Wednesday,Adult,Male,Middle,Owner,Advanced,Pick up,Unknown,Unknown,Divided_Two-way,Other,Dry,Daylight,Inanimated_Objects,2,1,Backward,Driver or rider,3,No_pedestrian,Other,Serious Injury,18
Wednesday,Adult,Male,Unknown,Owner,Advanced,Automobile,Unknown,Unknown,Undivided_Two-way,Other,Dry,Daylight,Vehicles,2,1,Backward,Unknown,0,No_pedestrian,Changing_lane,Serious Injury,18
Friday,Adult,Male,Middle,Employee,Advanced,Public,Advanced_Exp,Unknown,Undivided_Two-way,Crossing,Not dry,Darkness,Vehicles,2,1,Forward,Unknown,0,No_pedestrian,Other,Slight Injury,20
Friday,Adult,Male,Middle,Employee,Intermediate,Automobile,Unknown,Unknown,One-way,Crossing,Not dry,Darkness,Vehicles,2,1,Backward,Driver or rider,3,No_pedestrian,Driving_carelessly,Slight Injury,20
Monday,Young_Adult,Male,Advanced,Employee,Advanced,Other,Unknown,No defect,One-way,No_junction,Dry,Darkness,Vehicles,2,1,Forward,Pedestrian,3,No_pedestrian,Other,Slight Injury,17
Monday,Adult,Male,Middle,Employee,Expert,Public,Advanced_Exp,No defect,Divided_Two-way,No_junction,Dry,Darkness,Vehicles,2,1,Forward,Driver or rider,3,No_pedestrian,No_distance,Slight Injury,17
Wednesday,Older_Adult,Male,Middle,Employee,Beginner,Automobile,Unknown,No defect,One-way,Y,Not dry,Daylight,Vehicles,2,1,Forward,Unknown,0,No_pedestrian,Other,Serious Injury,11
Wednesday,Adult,Male,Elementary,Employee,Advanced,Lorry,Unknown,Unknown,Divided_Two-way,Y,Not dry,Daylight,Vehicles,2,1,Forward,Unknown,0,No_pedestrian,Driving_carelessly,Serious Injury,11
Thursday,Adult,Male,Elementary,Employee,Intermediate,Lorry,Unknown,Unknown,Unknown,Y,Not dry,Darkness,Inanimated_Objects,2,1,Forward,Driver or rider,3,No_pedestrian,Changing_lane,Slight Injury,18
Thursday,Adult,Male,Middle,Employee,Intermediate,Lorry,Unknown,Unknown,Unknown,Y,Not dry,Darkness,Inanimated_Objects,2,1,Unknown,Unknown,0,No_pedestrian,Other,Slight Injury,18
Sunday,Older_Adult,Male,Middle,Employee,Beginner,Automobile,Unknown,Unknown,One-way,Y,Dry,Daylight,Inanimated_Objects,2,1,Forward,Unknown,0,No_pedestrian,No_distance,Slight Injury,10
Sunday,Adult,Male,Middle,Employee,Intermediate,Lorry,Unknown,Unknown,Divided_Two-way,Y,Dry,Daylight,Vehicles,2,1,Unknown,Driver or rider,3,No_pedestrian,Driving_carelessly,Slight Injury,10
Saturday,Young_Adult,Male,Middle,Employee,Intermediate,Unknown,Unknown,Unknown,Unknown,Y,Dry,Daylight,Vehicles,2,1,Forward,Unknown,0,No_pedestrian,No_distance,Slight Injury,10
Saturday,Adult,Male,Middle,Employee,Expert,Public,Advanced_Exp,Unknown,Undivided_Two-way,Y,Dry,Daylight,Vehicles,2,1,Backward,Driver or rider,3,No_pedestrian,Other,Slight Injury,10
Friday,Young_Adult,Male,Middle,Employee,Beginner,Automobile,Unknown,No defect,Divided_Two-way,Y,Dry,Darkness,Vehicles,2,1,Forward,Driver or rider,3,No_pedestrian,No_distance,Slight Injury,17
Friday,Adult,Male,Middle,Employee,Intermediate,Automobile,Moderate_Exp,No defect,Divided_Two-way,Y,Dry,Darkness,Animated_Objects,2,1,Forward,Pedestrian,3,No_pedestrian,Other,Slight Injury,17
Friday,Older_Adult,Male,Middle,Employee,Expert,Automobile,Unknown,No defect,Divided_Two-way,Y,Dry,Darkness,Animated_Objects,1,1,Backward,Passenger,3,No_pedestrian,Driving_carelessly,Serious Injury,19
Thursday,Young_Adult,Male,Middle,Employee,Expert,Lorry,Advanced_Exp,No defect,Divided_Two-way,No_junction,Dry,Daylight,Vehicles,3,1,Forward,Unknown,0,No_pedestrian,Changing_lane,Slight Injury,15
Thursday,Unknown,Female,Middle,Employee,Expert,Pick up,Advanced_Exp,Unknown,Undivided_Two-way,No_junction,Dry,Daylight,Vehicles,3,1,Forward,Unknown,0,No_pedestrian,Other,Slight Injury,15
Wednesday,Adult,Male,Middle,Employee,Beginner,Unknown,Unknown,Unknown,Undivided_Two-way,No_junction,Dry,Darkness,Vehicles,2,1,Forward,Driver or rider,2,No_pedestrian,No_distance,Slight Injury,17
Wednesday,Adult,Male,Middle,Employee,Intermediate,Lorry,Advanced_Exp,Unknown,Undivided_Two-way,No_junction,Dry,Darkness,Vehicles,2,1,Unknown,Pedestrian,3,Pedestrian,Driving_carelessly,Slight Injury,17
Sunday,Young_Adult,Male,Elementary,Employee,Intermediate,Automobile,Unknown,No defect,One-way,Other,Not dry,Daylight,Vehicles,2,1,Forward,Pedestrian,2,No_pedestrian,Other,Slight Injury,11
Sunday,Adult,Male,Elementary,Unknown,Advanced,Public,Unknown,No defect,Undivided_Two-way,Other,Not dry,Daylight,Vehicles,2,1,Forward,Unknown,0,No_pedestrian,Driving_carelessly,Slight Injury,11
Sunday,Young_Adult,Male,Middle,Employee,Advanced,Automobile,Advanced_Exp,Unknown,Undivided_Two-way,No_junction,Dry,Daylight,Vehicles,2,1,Forward,Driver or rider,3,No_pedestrian,No_distance,Slight Injury,14
Sunday,Adult,Male,Middle,Owner,Advanced,Lorry,Unknown,No defect,Undivided_Two-way,No_junction,Dry,Daylight,Vehicles,2,1,Forward,Driver or rider,3,No_pedestrian,Driving_carelessly,Slight Injury,14
Saturday,Older_Adult,Male,Middle,Employee,Expert,Public,Unknown,No defect,Undivided_Two-way,Unknown,Not dry,Daylight,Vehicles,1,2,Backward,Unknown,0,No_pedestrian,Driving_carelessly,Slight Injury,15
Saturday,Older_Adult,Male,Middle,Employee,Beginner,Other,Valid_Recent_Exp,Unknown,Divided_Two-way,Unknown,Not dry,Daylight,Inanimated_Objects,1,2,Forward,Pedestrian,3,Pedestrian,Other,Slight Injury,15
Friday,Young_Adult,Male,Middle,Unknown,Beginner,Public,Unknown,No defect,Undivided_Two-way,No_junction,Dry,Darkness,Other,6,3,Backward,Driver or rider,3,No_pedestrian,Driving_carelessly,Slight Injury,16
Friday,Adult,Male,Middle,Employee,Expert,Lorry,Unknown,No defect,Undivided_Two-way,No_junction,Dry,Darkness,Vehicles,6,3,Forward,Driver or rider,3,No_pedestrian,Changing_lane,Slight Injury,16
Friday,Older_Adult,Male,Middle,Owner,Advanced,Automobile,Unknown,No defect,Undivided_Two-way,No_junction,Dry,Darkness,Vehicles,6,3,Forward,Driver or rider,3,No_pedestrian,Driving_carelessly,Slight Injury,16
Friday,Adult,Male,Elementary,Owner,Advanced,Lorry,Unknown,Unknown,Divided_Two-way,No_junction,Dry,Darkness,Vehicles,6,3,Forward,Driver or rider,3,No_pedestrian,Changing_lane,Slight Injury,16
Sunday,Adult,Male,Middle,Employee,Intermediate,Automobile,Unknown,No defect,Undivided_Two-way,Y,Not dry,Daylight,Vehicles,2,1,Forward,Passenger,3,No_pedestrian,Changing_lane,Slight Injury,11
Sunday,Older_Adult,Male,Middle,Employee,Intermediate,Pick up,Unknown,Unknown,Divided_Two-way,Y,Not dry,Daylight,Vehicles,2,1,Forward,Unknown,0,No_pedestrian,No_distance,Slight Injury,11
Thursday,Adult,Male,Advanced,Employee,Advanced,Automobile,Unknown,Unknown,Other,Y,Not dry,Darkness,Inanimated_Objects,1,1,Turn,Driver or rider,3,No_pedestrian,No_distance,Slight Injury,17
Thursday,Older_Adult,Male,Middle,Owner,Intermediate,Automobile,Unknown,Unknown,Divided_Two-way,No_junction,Dry,Daylight,Inanimated_Objects,2,2,Forward,Pedestrian,1,Pedestrian,Changing_lane,Serious Injury,8
Thursday,Older_Adult,Male,Unknown,Unknown,Unknown,Unknown,Unknown,Unknown,Divided_Two-way,No_junction,Dry,Daylight,Vehicles,2,2,Forward,Unknown,0,No_pedestrian,Changing_lane,Serious Injury,8
Thursday,Young_Adult,Male,Middle,Employee,Intermediate,Other,Advanced_Exp,Unknown,Divided_Two-way,No_junction,Dry,Daylight,Inanimated_Objects,2,2,Backward,Driver or rider,3,No_pedestrian,Driving_carelessly,Serious Injury,8
Tuesday,Unknown,Female,Middle,Employee,Advanced,Automobile,Advanced_Exp,Unknown,Other,Crossing,Not dry,Darkness,Vehicles,2,1,Forward,Unknown,0,No_pedestrian,Changing_lane,Slight Injury,17
Tuesday,Adult,Male,Middle,Employee,Intermediate,Public,Advanced_Exp,Unknown,Other,Crossing,Not dry,Darkness,Vehicles,2,1,Forward,Driver or rider,3,No_pedestrian,Driving_carelessly,Slight Injury,17
Wednesday,Adult,Male,Elementary,Employee,Beginner,Public,Moderate_Exp,Unknown,Undivided_Two-way,Y,Not dry,Darkness,Vehicles,3,1,Forward,Driver or rider,3,No_pedestrian,Other,Slight Injury,17
Wednesday,Adult,Male,Middle,Employee,Unknown,Automobile,Unknown,Unknown,One-way,Y,Not dry,Darkness,Vehicles,3,1,Other,Unknown,0,No_pedestrian,Other,Slight Injury,17
Wednesday,Young_Adult,Male,Middle,Owner,Beginner,Public,Advanced_Exp,No defect,Other,Y,Not dry,Darkness,Vehicles,3,1,Forward,Unknown,0,No_pedestrian,No_distance,Slight Injury,17
Tuesday,Older_Adult,Male,Middle,Employee,Intermediate,Public,Advanced_Exp,Unknown,Undivided_Two-way,Y,Dry,Darkness,Vehicles,2,1,Forward,Unknown,0,No_pedestrian,No_distance,Slight Injury,5
Tuesday,Young_Adult,Male,Middle,Employee,Beginner,Lorry,Unknown,No defect,Divided_Two-way,Y,Dry,Darkness,Animated_Objects,2,1,Turn,Passenger,3,No_pedestrian,No_distance,Slight Injury,5
Monday,Young_Adult,Male,Elementary,Employee,Expert,Automobile,Unknown,No defect,Divided_Two-way,Unknown,Not dry,Darkness,Vehicles,2,1,Backward,Unknown,0,No_pedestrian,Changing_lane,Slight Injury,20
Monday,Young_Adult,Male,Middle,Employee,Intermediate,Pick up,Unknown,No defect,Divided_Two-way,Unknown,Not dry,Darkness,Inanimated_Objects,2,1,Forward,Driver or rider,3,No_pedestrian,Driving_carelessly,Slight Injury,20
Tuesday,Young_Adult,Male,Middle,Employee,Intermediate,Pick up,Unknown,No defect,One-way,No_junction,Not dry,Darkness,Vehicles,1,1,Forward,Pedestrian,2,No_pedestrian,Driving_carelessly,Serious Injury,20
Tuesday,Adult,Male,Middle,Employee,Intermediate,Lorry,Unknown,No defect,One-way,Y,Dry,Darkness,Inanimated_Objects,1,1,Forward,Unknown,0,No_pedestrian,Other,Slight Injury,16
Monday,Older_Adult,Male,Middle,Employee,Intermediate,Automobile,Unknown,No defect,One-way,No_junction,Dry,Daylight,Vehicles,2,1,Backward,Driver or rider,3,No_pedestrian,Other,Slight Injury,9
Monday,Young_Adult,Male,Elementary,Employee,Intermediate,Automobile,Unknown,No defect,One-way,No_junction,Dry,Daylight,Vehicles,2,1,Forward,Pedestrian,2,No_pedestrian,Changing_lane,Slight Injury,9
Friday,Older_Adult,Male,Middle,Employee,Intermediate,Other,Unknown,No defect,One-way,Unknown,Not dry,Darkness,Animated_Objects,2,1,Forward,Pedestrian,3,Pedestrian,Driving_carelessly,Slight Injury,20
Friday,Young_Adult,Male,Elementary,Employee,Advanced,Unknown,Moderate_Exp,Unknown,Undivided_Two-way,Unknown,Not dry,Darkness,Vehicles,2,1,Forward,Passenger,3,No_pedestrian,Changing_lane,Slight Injury,20
Tuesday,Young_Adult,Male,Elementary,Employee,Intermediate,Other,Moderate_Exp,Unknown,One-way,No_junction,Not dry,Daylight,Vehicles,2,1,Stop,Passenger,3,No_pedestrian,No_distance,Serious Injury,15
Tuesday,Older_Adult,Male,Middle,Employee,Expert,Automobile,Unknown,No defect,One-way,No_junction,Not dry,Daylight,Vehicles,2,1,Forward,Pedestrian,2,No_pedestrian,Other,Serious Injury,15
Wednesday,Young_Adult,Male,Middle,Employee,Expert,Automobile,Unknown,No defect,One-way,No_junction,Not dry,Darkness,Vehicles,3,2,Forward,Pedestrian,3,Pedestrian,Changing_lane,Slight Injury,16
Wednesday,Young_Adult,Male,Middle,Employee,Expert,Unknown,Unknown,Unknown,Divided_Two-way,No_junction,Not dry,Darkness,Animated_Objects,3,2,Unknown,Pedestrian,2,Pedestrian,Other,Slight Injury,16
Wednesday,Young_Adult,Male,Middle,Employee,Advanced,Public,Unknown,No defect,One-way,No_junction,Not dry,Darkness,Vehicles,3,2,Forward,Pedestrian,3,No_pedestrian,No_distance,Slight Injury,16
Wednesday,Young_Adult,Male,Middle,Owner,Intermediate,Automobile,Unknown,Unknown,Unknown,No_junction,Not dry,Darkness,Vehicles,3,2,Forward,Unknown,0,No_pedestrian,Other,Slight Injury,16
Tuesday,Adult,Male,Elementary,Employee,Beginner,Other,Unknown,Unknown,One-way,No_junction,Not dry,Daylight,Vehicles,1,1,Stop,Driver or rider,3,No_pedestrian,No_distance,Slight Injury,15
Wednesday,Young_Adult,Male,Middle,Employee,Intermediate,Automobile,Unknown,No defect,Divided_Two-way,Y,Not dry,Darkness,Vehicles,1,1,Forward,Pedestrian,3,No_pedestrian,Changing_lane,Slight Injury,15
Thursday,Older_Adult,Male,Middle,Employee,Advanced,Other,Advanced_Exp,Unknown,Undivided_Two-way,No_junction,Not dry,Darkness,Inanimated_Objects,2,1,Turn,Pedestrian,2,No_pedestrian,Changing_lane,Slight Injury,22
Thursday,Underage,Male,Unknown,Unknown,Unknown,Lorry,Unknown,Unknown,Undivided_Two-way,No_junction,Not dry,Darkness,Vehicles,2,1,Forward,Pedestrian,2,Pedestrian,Driving_carelessly,Slight Injury,22
Thursday,Older_Adult,Male,Elementary,Owner,Advanced,Pick up,Unknown,No defect,Undivided_Two-way,Y,Not dry,Darkness,Vehicles,6,3,Backward,Driver or rider,3,No_pedestrian,Changing_lane,Slight Injury,18
Thursday,Adult,Male,Middle,Unknown,Expert,Public,Unknown,No defect,Undivided_Two-way,Y,Not dry,Darkness,Vehicles,6,3,Forward,Passenger,1,No_pedestrian,Driving_carelessly,Slight Injury,18
Thursday,Adult,Male,Middle,Employee,Expert,Automobile,Unknown,No defect,Undivided_Two-way,Y,Not dry,Darkness,Vehicles,6,3,Forward,Unknown,0,No_pedestrian,Driving_carelessly,Slight Injury,18
Thursday,Adult,Male,Middle,Employee,Beginner,Pick up,Valid_Recent_Exp,No defect,Other,Y,Not dry,Darkness,Inanimated_Objects,6,3,Unknown,Unknown,0,No_pedestrian,Driving_carelessly,Slight Injury,18
Thursday,Unknown,Female,Middle,Owner,Unknown,Automobile,Advanced_Exp,No defect,Other,Y,Not dry,Darkness,Vehicles,6,3,Forward,Pedestrian,3,Pedestrian,Other,Slight Injury,18
Thursday,Unknown,Female,Middle,Employee,Intermediate,Lorry,Unknown,No defect,One-way,Y,Not dry,Darkness,Vehicles,6,3,Backward,Driver or rider,2,No_pedestrian,No_distance,Slight Injury,18
Tuesday,Older_Adult,Male,Middle,Employee,Advanced,Automobile,Advanced_Exp,Unknown,Unknown,Y,Dry,Darkness,Vehicles,3,1,Forward,Unknown,0,No_pedestrian,Changing_lane,Slight Injury,17