Day_of_week,Age_band_of_driver,Sex_of_driver,Educational_level,Vehicle_driver_relation,Driving_experience,Type_of_vehicle,Service_year_of_vehicle,Defect_of_vehicle,Lanes_or_Medians,Types_of_Junction,Road_surface_conditions,Light_conditions,Type_of_collision,Number_of_vehicles_involved,Number_of_casualties,Vehicle_movement,Casualty_class,Casualty_severity,Pedestrian_movement,Cause_of_accident,Accident_severity,Hour
Monday,Adult,Male,Middle,Employee,Unknown,Unknown,Unknown,Unknown,Unknown,Unknown,Not dry,Daylight,Vehicles,3,1,Other,Unknown,0,No_pedestrian,No_distance,Slight Injury,15
Monday,Adult,Male,Unknown,Employee,Advanced,Automobile,Unknown,Unknown,Other,Unknown,Not dry,Daylight,Vehicles,3,1,Other,Driver or rider,2,No_pedestrian,Changing_lane,Slight Injury,15
Monday,Young_Adult,Male,Elementary,Employee,Beginner,Automobile,Unknown,Unknown,Other,Unknown,Not dry,Daylight,Vehicles,3,1,Forward,Pedestrian,3,Pedestrian,Driving_carelessly,Slight Injury,15
Thursday,Older_Adult,Male,Middle,Employee,Beginner,Automobile,Unknown,No defect,Divided_Two-way,Y,Not dry,Daylight,Vehicles,2,1,Backward,Driver or rider,3,No_pedestrian,Changing_lane,Slight Injury,19
Thursday,Young_Adult,Male,Middle,Employee,Beginner,Other,Advanced_Exp,Unknown,Other,Y,Not dry,Daylight,Vehicles,2,1,Other,Unknown,0,No_pedestrian,Other,Slight Injury,19
Sunday,Young_Adult,Male,Elementary,Employee,Expert,Other,Unknown,No defect,Undivided_Two-way,No_junction,Dry,Daylight,Vehicles,1,2,Turn,Pedestrian,3,No_pedestrian,Other,Serious Injury,15
Sunday,Young_Adult,Male,Elementary,Employee,Expert,Automobile,Unknown,No defect,One-way,No_junction,Dry,Daylight,Vehicles,1,2,Forward,Unknown,0,No_pedestrian,Other,Serious Injury,15
Tuesday,Young_Adult,Male,Elementary,Employee,Beginner,Lorry,Advanced_Exp,No defect,Divided_Two-way,Y,Dry,Daylight,Animated_Objects,2,1,Forward,Driver or rider,3,No_pedestrian,Driving_carelessly,Slight Injury,18
Tuesday,Older_Adult,Male,Middle,Employee,Intermediate,Lorry,Advanced_Exp,Unknown,Undivided_Two-way,Y,Dry,Daylight,Inanimated_Objects,2,1,Forward,Driver or rider,2,No_pedestrian,Other,Slight Injury,18
Monday,Underage,Male,Middle,Employee,Intermediate,Lorry,Unknown,Unknown,Divided_Two-way,Y,Dry,Daylight,Inanimated_Objects,1,1,Forward,Unknown,0,No_pedestrian,Changing_lane,Slight Injury,15
Sunday,Young_Adult,Male,Advanced,Employee,Expert,Automobile,Unknown,Unknown,One-way,No_junction,Dry,Darkness,Vehicles,6,2,Forward,Pedestrian,2,No_pedestrian,No_distance,Slight Injury,22
Sunday,Unknown,Male,Middle,Employee,Intermediate,Automobile,Advanced_Exp,No defect,Divided_Two-way,No_junction,Dry,Darkness,Vehicles,6,2,Forward,Unknown,0,No_pedestrian,Other,Slight Injury,22
Sunday,Young_Adult,Male,Middle,Employee,Intermediate,Public,Moderate_Exp,No defect,Undivided_Two-way,No_junction,Dry,Darkness,Vehicles,6,2,Forward,Driver or rider,3,No_pedestrian,Driving_carelessly,Slight Injury,22
Sunday,Unknown,Male,Middle,Employee,Beginner,Public,Unknown,No defect,Undivided_Two-way,No_junction,Dry,Darkness,Vehicles,6,2,Forward,Unknown,0,No_pedestrian,Changing_lane,Slight Injury,22
Monday,Underage,Male,Middle,Employee,Advanced,Lorry,Unknown,No defect,Undivided_Two-way,Other,Dry,Daylight,Vehicles,2,2,Forward,Unknown,0,No_pedestrian,Driving_carelessly,Slight Injury,8
Monday,Young_Adult,Male,Middle,Employee,Beginner,Lorry,Advanced_Exp,No defect,Divided_Two-way,Other,Dry,Daylight,Inanimated_Objects,2,2,Other,Driver or rider,3,No_pedestrian,Other,Slight Injury,8
Monday,Young_Adult,Male,Middle,Employee,Beginner,Public,Unknown,No defect,Undivided_Two-way,Other,Dry,Daylight,Vehicles,2,2,Forward,Unknown,0,No_pedestrian,Driving_carelessly,Slight Injury,8
Thursday,Adult,Male,Elementary,Employee,Unknown,Other,Unknown,No defect,Undivided_Two-way,No_junction,Dry,Daylight,Vehicles,1,1,Forward,Driver or rider,3,No_pedestrian,Driving_carelessly,Slight Injury,16
Thursday,Unknown,Male,Middle,Employee,Beginner,Lorry,Unknown,No defect,Undivided_Two-way,Crossing,Dry,Daylight,Vehicles,2,1,Backward,Driver or rider,3,No_pedestrian,Driving_carelessly,Slight Injury,7
Thursday,Older_Adult,Male,Middle,Employee,Beginner,Automobile,Unknown,No defect,One-way,Crossing,Dry,Daylight,Vehicles,2,1,Forward,Unknown,0,No_pedestrian,Changing_lane,Slight Injury,7
Saturday,Young_Adult,Male,Elementary,Employee,Intermediate,Other,Unknown,No defect,Undivided_Two-way,No_junction,Dry,Daylight,Vehicles,2,1,Backward,Driver or rider,3,No_pedestrian,Driving_carelessly,Slight Injury,9
Saturday,Older_Adult,Male,Middle,Employee,Beginner,Other,Unknown,No defect,Other,No_junction,Dry,Daylight,Vehicles,2,1,Other,Unknown,0,No_pedestrian,Changing_lane,Slight Injury,9
Thursday,Adult,Male,Middle,Employee,Advanced,Automobile,Moderate_Exp,No defect,Other,No_junction,Dry,Daylight,Animated_Objects,3,2,Forward,Driver or rider,2,No_pedestrian,Changing_lane,Slight Injury,17
Thursday,Adult,Male,Middle,Employee,Beginner,Automobile,Unknown,Unknown,Divided_Two-way,No_junction,Dry,Daylight,Animated_Objects,3,2,Backward,Unknown,0,No_pedestrian,Changing_lane,Slight Injury,17
Thursday,Older_Adult,Male,Middle,Employee,Expert,Lorry,Moderate_Exp,Unknown,One-way,No_junction,Dry,Daylight,Inanimated_Objects,3,2,Forward,Driver or rider,3,No_pedestrian,Other,Slight Injury,17
Sunday,Young_Adult,Male,Elementary,Owner,Advanced,Automobile,Advanced_Exp,No defect,Divided_Two-way,No_junction,Dry,Darkness,Animated_Objects,2,2,Other,Passenger,3,No_pedestrian,Driving_carelessly,Slight Injury,20
Sunday,Adult,Male,Elementary,Employee,Beginner,Public,Moderate_Exp,No defect,Divided_Two-way,No_junction,Dry,Darkness,Vehicles,2,2,Other,Driver or rider,3,No_pedestrian,No_distance,Slight Injury,20
Thursday,Unknown,Male,Middle,Employee,Advanced,Lorry,Moderate_Exp,No defect,Divided_Two-way,No_junction,Dry,Daylight,Vehicles,2,6,Other,Unknown,0,No_pedestrian,Driving_carelessly,Slight Injury,15
Thursday,Adult,Male,Elementary,Owner,Advanced,Public,Moderate_Exp,No defect,Divided_Two-way,No_junction,Dry,Daylight,Vehicles,2,6,Stop,Driver or rider,2,No_pedestrian,Changing_lane,Slight Injury,15
Thursday,Adult,Male,Middle,Employee,Intermediate,Lorry,Moderate_Exp,No defect,Divided_Two-way,No_junction,Dry,Daylight,Inanimated_Objects,2,6,Other,Unknown,0,No_pedestrian,Driving_carelessly,Slight Injury,15
Thursday,Adult,Male,Middle,Employee,Expert,Lorry,Moderate_Exp,No defect,Divided_Two-way,No_junction,Dry,Daylight,Inanimated_Objects,2,6,Other,Unknown,0,No_pedestrian,Changing_lane,Slight Injury,15
Thursday,Adult,Male,Middle,Employee,Advanced,Lorry,Valid_Recent_Exp,No defect,Undivided_Two-way,No_junction,Dry,Daylight,Vehicles,2,6,Other,Driver or rider,3,No_pedestrian,No_distance,Slight Injury,15
Thursday,Adult,Male,Middle,Employee,Beginner,Public,Unknown,No defect,Divided_Two-way,No_junction,Dry,Daylight,Vehicles,2,6,Forward,Pedestrian,3,No_pedestrian,Other,Slight Injury,15
Sunday,Older_Adult,Male,Elementary,Employee,Advanced,Public,Unknown,No defect,Divided_Two-way,Y,Not dry,Daylight,Vehicles,2,1,Forward,Unknown,0,No_pedestrian,Other,Slight Injury,13
Sunday,Adult,Male,Elementary,Employee,Intermediate,Automobile,Unknown,No defect,Divided_Two-way,Y,Not dry,Daylight,Vehicles,2,1,Forward,Unknown,0,No_pedestrian,No_distance,Slight Injury,13
Thursday,Unknown,Male,Middle,Employee,Beginner,Lorry,Advanced_Exp,Unknown,Divided_Two-way,No_junction,Dry,Darkness,Vehicles,2,1,Forward,Driver or rider,3,No_pedestrian,No_distance,Slight Injury,20
Thursday,Young_Adult,Male,Middle,Employee,Beginner,Automobile,Unknown,No defect,One-way,No_junction,Dry,Darkness,Vehicles,2,1,Forward,Unknown,0,No_pedestrian,No_distance,Slight Injury,20
Friday,Adult,Male,Middle,Employee,Advanced,Pick up,Unknown,Unknown,Undivided_Two-way,No_junction,Dry,Daylight,Vehicles,1,2,Forward,Passenger,3,No_pedestrian,Driving_carelessly,Slight Injury,16
Friday,Adult,Male,Middle,Owner,Advanced,Automobile,Moderate_Exp,No defect,One-way,No_junction,Dry,Daylight,Vehicles,1,2,Forward,Unknown,0,No_pedestrian,Driving_carelessly,Slight Injury,16
Tuesday,Young_Adult,Male,Elementary,Employee,Beginner,Public,Unknown,Unknown,Divided_Two-way,Y,Dry,Daylight,Vehicles,1,2,Forward,Driver or rider,3,No_pedestrian,Changing_lane,Slight Injury,9
Tuesday,Young_Adult,Male,Middle,Employee,Unknown,Public,Unknown,Unknown,Undivided_Two-way,Y,Dry,Daylight,Inanimated_Objects,1,2,Forward,Driver or rider,3,No_pedestrian,Changing_lane,Slight Injury,9
Friday,Young_Adult,Male,Elementary,Employee,Expert,Automobile,Advanced_Exp,No defect,Divided_Two-way,Y,Dry,Daylight,Inanimated_Objects,1,1,Forward,Unknown,0,No_pedestrian,Driving_carelessly,Serious Injury,8
Tuesday,Adult,Male,Middle,Owner,Beginner,Unknown,Moderate_Exp,Unknown,Undivided_Two-way,No_junction,Dry,Darkness,Animated_Objects,2,6,Forward,Driver or rider,3,No_pedestrian,Driving_carelessly,Slight Injury,21
Tuesday,Adult,Male,Unknown,Unknown,Unknown,Lorry,Unknown,No defect,Other,No_junction,Dry,Darkness,Vehicles,2,6,Backward,Unknown,0,No_pedestrian,No_distance,Slight Injury,21
Tuesday,Adult,Male,Middle,Employee,Expert,Automobile,Moderate_Exp,No defect,One-way,No_junction,Dry,Darkness,Vehicles,2,6,Forward,Passenger,3,No_pedestrian,Other,Slight Injury,21
Tuesday,Young_Adult,Male,Elementary,Owner,Intermediate,Lorry,Moderate_Exp,No defect,Divided_Two-way,No_junction,Dry,Darkness,Vehicles,2,6,Other,Passenger,3,No_pedestrian,Changing_lane,Slight Injury,21
Tuesday,Young_Adult,Male,Middle,Employee,Advanced,Public,Moderate_Exp,No defect,Divided_Two-way,No_junction,Dry,Darkness,Vehicles,2,6,Unknown,Passenger,3,No_pedestrian,Changing_lane,Slight Injury,21
Wednesday,Adult,Male,Middle,Employee,Beginner,Lorry,Unknown,No defect,Divided_Two-way,No_junction,Dry,Daylight,Vehicles,2,1,Stop,Passenger,3,No_pedestrian,No_distance,Slight Injury,13
Wednesday,Adult,Male,Middle,Employee,Advanced,Other,Advanced_Exp,No defect,Undivided_Two-way,No_junction,Dry,Daylight,Vehicles,2,1,Forward,Driver or rider,3,No_pedestrian,No_distance,Slight Injury,13
Thursday,Adult,Male,Middle,Employee,Expert,Automobile,Moderate_Exp,No defect,Undivided_Two-way,Y,Dry,Daylight,Vehicles,1,1,Forward,Unknown,0,No_pedestrian,Other,Slight Injury,15
Tuesday,Unknown,Male,Middle,Employee,Advanced,Automobile,Valid_Recent_Exp,No defect,Undivided_Two-way,Y,Dry,Darkness,Vehicles,2,1,Forward,Unknown,0,No_pedestrian,Driving_carelessly,Serious Injury,19
Tuesday,Adult,Male,Elementary,Employee,Beginner,Public,Moderate_Exp,No defect,Divided_Two-way,Y,Dry,Darkness,Vehicles,2,1,Forward,Driver or rider,3,No_pedestrian,Driving_carelessly,Serious Injury,19
Wednesday,Unknown,Male,Middle,Employee,Unknown,Other,Valid_Recent_Exp,Unknown,Undivided_Two-way,Y,Dry,Daylight,Animated_Objects,2,1,Turn,Unknown,0,No_pedestrian,Driving_carelessly,Slight Injury,17
Wednesday,Adult,Male,Elementary,Employee,Beginner,Lorry,Unknown,No defect,Divided_Two-way,Y,Dry,Daylight,Animated_Objects,2,1,Turn,Pedestrian,2,No_pedestrian,Driving_carelessly,Slight Injury,17
Friday,Young_Adult,Male,Middle,Owner,Beginner,Automobile,Moderate_Exp,No defect,One-way,No_junction,Dry,Daylight,Vehicles,1,1,Turn,Driver or rider,3,No_pedestrian,Other,Slight Injury,15
Monday,Young_Adult,Male,Advanced,Owner,Beginner,Public,Unknown,With defect,Undivided_Two-way,No_junction,Not dry,Daylight,Vehicles,2,1,Turn,Unknown,0,No_pedestrian,Other,Slight Injury,7
Monday,Young_Adult,Male,Middle,Owner,Advanced,Unknown,Valid_Recent_Exp,No defect,Divided_Two-way,No_junction,Not dry,Daylight,Vehicles,2,1,Turn,Driver or rider,3,No_pedestrian,Other,Slight Injury,7
Thursday,Young_Adult,Male,Middle,Employee,Advanced,Automobile,Unknown,Unknown,Other,Y,Not dry,Daylight,Vehicles,2,1,Other,Unknown,0,No_pedestrian,No_distance,Slight Injury,14
Thursday,Older_Adult,Male,Elementary,Employee,Advanced,Pick up,Unknown,No defect,Divided_Two-way,Y,Not dry,Daylight,Vehicles,2,1,Turn,Driver or rider,3,No_pedestrian,Other,Slight Injury,14
Saturday,Adult,Male,Middle,Owner,Beginner,Public,Advanced_Exp,Unknown,Other,Y,Dry,Daylight,Vehicles,2,1,Turn,Passenger,3,No_pedestrian,Driving_carelessly,Slight Injury,18
Saturday,Young_Adult,Male,Middle,Employee,Expert,Lorry,Unknown,Unknown,Undivided_Two-way,Y,Dry,Daylight,Vehicles,2,1,Turn,Unknown,0,No_pedestrian,Driving_carelessly,Slight Injury,18
Sunday,Underage,Male,Middle,Employee,Advanced,Lorry,Unknown,No defect,One-way,Y,Not dry,Darkness,Vehicles,2,3,Turn,Unknown,0,No_pedestrian,No_distance,Slight Injury,20
Sunday,Underage,Male,Middle,Employee,Beginner,Lorry,Advanced_Exp,No defect,Other,Y,Not dry,Darkness,Vehicles,2,3,Turn,Driver or rider,3,No_pedestrian,Other,Slight Injury,20
Sunday,Underage,Male,Middle,Employee,Expert,Public,Unknown,No defect,One-way,Y,Not dry,Darkness,Vehicles,2,3,Turn,Pedestrian,3,Pedestrian,Changing_lane,Slight Injury,20
Sunday,Unknown,Male,Middle,Employee,Advanced,Lorry,Advanced_Exp,No defect,Other,Y,Not dry,Darkness,Vehicles,2,3,Turn,Unknown,0,No_pedestrian,No_distance,Slight Injury,20
Thursday,Adult,Male,Middle,Owner,Expert,Lorry,Unknown,No defect,Divided_Two-way,Y,Dry,Daylight,Vehicles,1,1,Other,Driver or rider,3,No_pedestrian,Driving_carelessly,Slight Injury,13
Thursday,Older_Adult,Male,Middle,Employee,Advanced,Other,Unknown,No defect,One-way,No_junction,Dry,Darkness,Vehicles,1,1,Forward,Pedestrian,3,No_pedestrian,No_distance,Slight Injury,22
Friday,Unknown,Male,Middle,Employee,Beginner,Lorry,Moderate_Exp,No defect,Undivided_Two-way,No_junction,Dry,Daylight,Vehicles,2,1,Forward,Driver or rider,3,No_pedestrian,Driving_carelessly,Slight Injury,16
Friday,Young_Adult,Male,Middle,Employee,Beginner,Other,Advanced_Exp,No defect,Other,No_junction,Dry,Daylight,Vehicles,2,1,Other,Unknown,0,No_pedestrian,Changing_lane,Slight Injury,16
Saturday,Adult,Male,Middle,Employee,Beginner,Automobile,Advanced_Exp,Unknown,Undivided_Two-way,No_junction,Dry,Daylight,Vehicles,2,1,Forward,Unknown,0,No_pedestrian,Driving_carelessly,Slight Injury,8
Saturday,Young_Adult,Male,Middle,Employee,Intermediate,Lorry,Advanced_Exp,Unknown,One-way,No_junction,Dry,Daylight,Vehicles,2,1,Forward,Driver or rider,3,No_pedestrian,Driving_carelessly,Slight Injury,8
Tuesday,Older_Adult,Male,Middle,Owner,Expert,Pick up,Unknown,No defect,Divided_Two-way,No_junction,Dry,Daylight,Vehicles,2,1,Forward,Unknown,0,No_pedestrian,Changing_lane,Slight Injury,16
Tuesday,Underage,Male,Elementary,Employee,Intermediate,Public,Unknown,No defect,Divided_Two-way,No_junction,Dry,Daylight,Vehicles,2,1,Forward,Driver or rider,3,No_pedestrian,Other,Slight Injury,16
Saturday,Young_Adult,Male,Middle,Employee,Expert,Automobile,Valid_Recent_Exp,No defect,Divided_Two-way,Other,Dry,Darkness,Vehicles,2,1,Forward,Unknown,0,No_pedestrian,Other,Slight Injury,2
Saturday,Adult,Male,Middle,Employee,Intermediate,Automobile,Unknown,Unknown,Divided_Two-way,Other,Dry,Darkness,Vehicles,2,1,Backward,Driver or rider,3,No_pedestrian,Driving_carelessly,Slight Injury,2
Sunday,Young_Adult,Male,Middle,Unknown,Unknown,Public,Unknown,No defect,One-way,Other,Not dry,Daylight,Inanimated_Objects,2,1,Backward,Unknown,0,No_pedestrian,Other,Slight Injury,20
Sunday,Underage,Male,Middle,Employee,Beginner,Automobile,Unknown,No defect,One-way,Other,Not dry,Daylight,Inanimated_Objects,2,1,Turn,Driver or rider,3,No_pedestrian,Driving_carelessly,Slight Injury,20
Thursday,Unknown,Female,Middle,Owner,Advanced,Automobile,Moderate_Exp,No defect,Undivided_Two-way,Y,Dry,Darkness,Vehicles,2,1,Forward,Unknown,0,No_pedestrian,Driving_carelessly,Slight Injury,23
Thursday,Adult,Male,Middle,Employee,Beginner,Automobile,Unknown,No defect,One-way,Y,Dry,Darkness,Vehicles,2,1,Forward,Driver or rider,3,No_pedestrian,Driving_carelessly,Slight Injury,23
Wednesday,Unknown,Male,Middle,Employee,Expert,Lorry,Unknown,No defect,Undivided_Two-way,Y,Dry,Daylight,Vehicles,2,1,Forward,Unknown,0,No_pedestrian,Changing_lane,Slight Injury,11
Wednesday,Adult,Male,Middle,Employee,Beginner,Automobile,Unknown,No defect,Divided_Two-way,Y,Dry,Daylight,Vehicles,2,1,Backward,Driver or rider,3,No_pedestrian,Other,Slight Injury,11
Tuesday,Young_Adult,Male,Middle,Employee,Beginner,Automobile,Advanced_Exp,No defect,Divided_Two-way,No_junction,Dry,Daylight,Inanimated_Objects,2,1,Forward,Pedestrian,3,No_pedestrian,Driving_carelessly,Slight Injury,9
Tuesday,Older_Adult,Male,Middle,Employee,Intermediate,Public,Advanced_Exp,No defect,Undivided_Two-way,No_junction,Dry,Daylight,Vehicles,2,1,Forward,Passenger,3,No_pedestrian,Changing_lane,Slight Injury,9
Tuesday,Young_Adult,Male,Middle,Employee,Beginner,Automobile,Advanced_Exp,No defect,One-way,No_junction,Dry,Daylight,Inanimated_Objects,1,1,Forward,Pedestrian,3,No_pedestrian,Driving_carelessly,Slight Injury,8
Thursday,Young_Adult,Male,Middle,Employee,Beginner,Automobile,Moderate_Exp,No defect,Divided_Two-way,No_junction,Dry,Daylight,Inanimated_Objects,2,1,Forward,Driver or rider,3,No_pedestrian,Driving_carelessly,Slight Injury,13
Thursday,Older_Adult,Male,Elementary,Employee,Expert,Public,Moderate_Exp,No defect,Divided_Two-way,No_junction,Dry,Daylight,Animated_Objects,2,1,Backward,Passenger,3,No_pedestrian,Driving_carelessly,Slight Injury,13
Thursday,Unknown,Male,Middle,Employee,Expert,Automobile,Unknown,No defect,Divided_Two-way,No_junction,Dry,Daylight,Vehicles,2,1,Forward,Passenger,3,No_pedestrian,Changing_lane,Slight Injury,8
Thursday,Young_Adult,Male,Elementary,Employee,Expert,Automobile,Unknown,No defect,Divided_Two-way,No_junction,Dry,Daylight,Inanimated_Objects,2,1,Forward,Unknown,0,No_pedestrian,Changing_lane,Slight Injury,8
Wednesday,Adult,Male,Middle,Employee,Expert,Automobile,Unknown,No defect,Divided_Two-way,No_junction,Dry,Daylight,Vehicles,2,1,Other,Unknown,0,No_pedestrian,Driving_carelessly,Slight Injury,13
Wednesday,Unknown,Female,Middle,Employee,Beginner,Lorry,Advanced_Exp,No defect,Undivided_Two-way,No_junction,Dry,Daylight,Vehicles,2,1,Turn,Driver or rider,3,No_pedestrian,Other,Slight Injury,13
Tuesday,Young_Adult,Male,Middle,Employee,Advanced,Automobile,Unknown,No defect,Other,No_junction,Dry,Daylight,Vehicles,2,1,Turn,Unknown,0,No_pedestrian,Changing_lane,Slight Injury,17
Tuesday,Adult,Male,Middle,Owner,Intermediate,Public,Advanced_Exp,No defect,Divided_Two-way,No_junction,Dry,Daylight,Vehicles,2,1,Forward,Driver or rider,3,No_pedestrian,No_distance,Slight Injury,17
Monday,Adult,Male,Middle,Employee,Intermediate,Automobile,Advanced_Exp,Unknown,Divided_Two-way,No_junction,Dry,Daylight,Vehicles,6,1,Forward,Unknown,0,No_pedestrian,Other,Slight Injury,15
Monday,Adult,Male,Middle,Employee,Advanced,Automobile,Unknown,Unknown,One-way,No_junction,Dry,Daylight,Vehicles,6,1,Forward,Driver or rider,3,No_pedestrian,Changing_lane,Slight Injury,15
Monday,Adult,Male,Middle,Employee,Advanced,Lorry,Moderate_Exp,Unknown,One-way,No_junction,Dry,Daylight,Inanimated_Objects,6,1,Forward,Pedestrian,3,Pedestrian,Changing_lane,Slight Injury,15
Monday,Young_Adult,Male,Middle,Employee,Intermediate,Automobile,Unknown,Unknown,Divided_Two-way,No_junction,Dry,Daylight,Vehicles,6,1,Forward,Pedestrian,3,No_pedestrian,Other,Slight Injury,15
Tuesday,Unknown,Male,Middle,Employee,Expert,Other,Moderate_Exp,No defect,Undivided_Two-way,No_junction,Dry,Daylight,Inanimated_Objects,2,3,Forward,Passenger,2,No_pedestrian,Other,Slight Injury,15
Tuesday,Young_Adult,Male,Elementary,Employee,Advanced,Unknown,Unknown,Unknown,Undivided_Two-way,No_junction,Dry,Daylight,Vehicles,2,3,Forward,Unknown,0,No_pedestrian,Other,Slight Injury,15
Tuesday,Young_Adult,Male,Middle,Employee,Expert,Automobile,Unknown,No defect,Other,No_junction,Dry,Daylight,Vehicles,2,3,Forward,Driver or rider,3,No_pedestrian,Other,Slight Injury,15
Tuesday,Young_Adult,Male,Elementary,Employee,Intermediate,Automobile,Unknown,Unknown,Divided_Two-way,No_junction,Dry,Daylight,Vehicles,2,3,Stop,Driver or rider,3,No_pedestrian,Driving_carelessly,Slight Injury,15
Monday,Young_Adult,Male,Middle,Employee,Intermediate,Automobile,Unknown,Unknown,Unknown,No_junction,Dry,Daylight,Inanimated_Objects,2,1,Stop,Pedestrian,3,Pedestrian,Other,Slight Injury,15
Monday,Older_Adult,Male,Middle,Employee,Intermediate,Public,Unknown,No defect,Divided_Two-way,No_junction,Dry,Daylight,Inanimated_Objects,2,1,Stop,Unknown,0,No_pedestrian,Other,Slight Injury,15
Friday,Adult,Male,Middle,Employee,Beginner,Unknown,Unknown,No defect,Divided_Two-way,Y,Dry,Daylight,Vehicles,2,1,Backward,Driver or rider,3,No_pedestrian,Driving_carelessly,Slight Injury,13
Friday,Adult,Male,Middle,Employee,Advanced,Automobile,Unknown,No defect,Undivided_Two-way,Y,Dry,Daylight,Vehicles,2,1,Forward,Pedestrian,3,Pedestrian,Driving_carelessly,Slight Injury,13
Monday,Older_Adult,Male,Elementary,Employee,Intermediate,Automobile,Unknown,No defect,Other,No_junction,Dry,Daylight,Vehicles,2,1,Forward,Driver or rider,3,No_pedestrian,Changing_lane,Slight Injury,5
Monday,Underage,Male,Middle,Employee,Beginner,Other,Unknown,No defect,Divided_Two-way,No_junction,Dry,Daylight,Vehicles,2,1,Stop,Passenger,3,No_pedestrian,Changing_lane,Slight Injury,5
Tuesday,Unknown,Male,Elementary,Employee,Beginner,Automobile,Unknown,No defect,Divided_Two-way,No_junction,Dry,Daylight,Vehicles,2,1,Forward,Unknown,0,No_pedestrian,Changing_lane,Slight Injury,8
Tuesday,Adult,Male,Middle,Employee,Unknown,Lorry,Unknown,No defect,One-way,No_junction,Dry,Daylight,Vehicles,2,1,Forward,Driver or rider,3,No_pedestrian,Other,Slight Injury,8
Saturday,Adult,Male,Middle,Owner,Advanced,Automobile,Advanced_Exp,No defect,Divided_Two-way,Y,Dry,Darkness,Vehicles,2,1,Forward,Unknown,0,No_pedestrian,Changing_lane,Slight Injury,21
Saturday,Unknown,Female,Middle,Employee,Beginner,Other,Unknown,No defect,One-way,Y,Dry,Darkness,Inanimated_Objects,2,1,Backward,Pedestrian,3,No_pedestrian,Other,Slight Injury,21
Monday,Adult,Male,Middle,Employee,Intermediate,Public,Advanced_Exp,No defect,Divided_Two-way,Other,Dry,Daylight,Inanimated_Objects,2,2,Forward,Unknown,0,No_pedestrian,Driving_carelessly,Slight Injury,15
Monday,Underage,Male,Middle,Employee,Advanced,Automobile,Valid_Recent_Exp,No defect,One-way,Other,Dry,Daylight,Inanimated_Objects,2,2,Forward,Driver or rider,2,No_pedestrian,Other,Slight Injury,15
Friday,Underage,Male,Unknown,Unknown,Unknown,Automobile,Unknown,No defect,Divided_Two-way,No_junction,Not dry,Daylight,Vehicles,1,1,Other,Driver or rider,2,No_pedestrian,No_distance,Slight Injury,19
Saturday,Unknown,Female,Unknown,Unknown,Unknown,Public,Moderate_Exp,No defect,Divided_Two-way,No_junction,Not dry,Daylight,Vehicles,2,1,Turn,Unknown,0,No_pedestrian,Other,Serious Injury,14
Saturday,Young_Adult,Male,Middle,Employee,Intermediate,Lorry,Unknown,No defect,Other,No_junction,Not dry,Daylight,Vehicles,2,1,Turn,Unknown,0,No_pedestrian,Driving_carelessly,Serious Injury,14
Thursday,Adult,Male,Middle,Employee,Expert,Lorry,Unknown,No defect,Undivided_Two-way,Y,Dry,Daylight,Vehicles,2,1,Forward,Driver or rider,3,No_pedestrian,Changing_lane,Slight Injury,6
Thursday,Adult,Male,Middle,Owner,Expert,Lorry,Unknown,No defect,Undivided_Two-way,Y,Dry,Daylight,Animated_Objects,2,1,Forward,Passenger,3,No_pedestrian,Other,Slight Injury,6
Friday,Young_Adult,Male,Unknown,Unknown,Unknown,Other,Unknown,No defect,Undivided_Two-way,No_junction,Not dry,Daylight,Animated_Objects,1,1,Forward,Passenger,3,No_pedestrian,No_distance,Slight Injury,19
Monday,Older_Adult,Male,Elementary,Owner,Expert,Lorry,Moderate_Exp,No defect,Divided_Two-way,Y,Dry,Daylight,Vehicles,2,1,Forward,Driver or rider,3,No_pedestrian,Driving_carelessly,Slight Injury,18
Monday,Young_Adult,Male,Unknown,Unknown,Unknown,Automobile,Unknown,Unknown,Undivided_Two-way,Y,Dry,Daylight,Vehicles,2,1,Forward,Unknown,0,No_pedestrian,No_distance,Slight Injury,18
Tuesday,Underage,Male,Middle,Owner,Advanced,Automobile,Unknown,Unknown,Divided_Two-way,Y,Dry,Daylight,Vehicles,2,2,Forward,Unknown,0,No_pedestrian,Other,Slight Injury,16
Tuesday,Adult,Male,Middle,Owner,Expert,Other,Advanced_Exp,Unknown,Undivided_Two-way,Y,Dry,Daylight,Vehicles,2,2,Forward,Driver or rider,3,No_pedestrian,No_distance,Slight Injury,16
Tuesday,Adult,Male,Middle,Owner,Expert,Other,Unknown,Unknown,Divided_Two-way,No_junction,Not dry,Darkness,Vehicles,2,2,Forward,Passenger,3,No_pedestrian,Other,Slight Injury,3
Tuesday,Adult,Male,Unknown,Unknown,Unknown,Automobile,Unknown,Unknown,Divided_Two-way,No_junction,Not dry,Darkness,Vehicles,2,2,Stop,Pedestrian,3,No_pedestrian,Driving_carelessly,Slight Injury,3
Tuesday,Unknown,Male,Elementary,Employee,Advanced,Automobile,Valid_Recent_Exp,No defect,Divided_Two-way,No_junction,Not dry,Darkness,Vehicles,2,2,Stop,Unknown,0,No_pedestrian,Changing_lane,Slight Injury,3