Day_of_week,Age_band_of_driver,Sex_of_driver,Educational_level,Vehicle_driver_relation,Driving_experience,Type_of_vehicle,Service_year_of_vehicle,Defect_of_vehicle,Lanes_or_Medians,Types_of_Junction,Road_surface_conditions,Light_conditions,Type_of_collision,Number_of_vehicles_involved,Number_of_casualties,Vehicle_movement,Casualty_class,Casualty_severity,Pedestrian_movement,Cause_of_accident,Accident_severity,Hour
Monday,Unknown,Male,Middle,Employee,Intermediate,Other,Unknown,No defect,Divided_Two-way,No_junction,Dry,Daylight,Vehicles,1,1,Forward,Unknown,0,No_pedestrian,Driving_carelessly,Slight Injury,10
Thursday,Young_Adult,Male,Middle,Employee,Beginner,Automobile,Moderate_Exp,No defect,Divided_Two-way,No_junction,Dry,Daylight,Vehicles,1,1,Forward,Unknown,0,No_pedestrian,Other,Slight Injury,15
Thursday,Young_Adult,Male,Middle,Employee,Beginner,Automobile,Moderate_Exp,No defect,One-way,No_junction,Dry,Daylight,Vehicles,2,1,Forward,Pedestrian,3,No_pedestrian,Driving_carelessly,Slight Injury,16
Thursday,Young_Adult,Male,Middle,Owner,Advanced,Public,Valid_Recent_Exp,No defect,Undivided_Two-way,No_junction,Dry,Daylight,Inanimated_Objects,2,1,Turn,Unknown,0,No_pedestrian,Driving_carelessly,Slight Injury,16
Friday,Adult,Male,Middle,Employee,Intermediate,Lorry,Advanced_Exp,Unknown,Other,No_junction,Dry,Darkness,Vehicles,1,2,Forward,Driver or rider,3,No_pedestrian,Other,Slight Injury,22
Friday,Adult,Male,Elementary,Employee,Beginner,Unknown,Advanced_Exp,Unknown,Divided_Two-way,No_junction,Dry,Darkness,Other,1,2,Other,Driver or rider,3,No_pedestrian,Driving_carelessly,Slight Injury,22
Monday,Older_Adult,Male,Middle,Employee,Intermediate,Automobile,Unknown,No defect,Undivided_Two-way,No_junction,Dry,Daylight,Inanimated_Objects,2,1,Forward,Unknown,0,No_pedestrian,Driving_carelessly,Serious Injury,11
Monday,Older_Adult,Male,Middle,Employee,Advanced,Public,Unknown,No defect,Undivided_Two-way,No_junction,Dry,Daylight,Vehicles,2,1,Forward,Pedestrian,3,No_pedestrian,Driving_carelessly,Serious Injury,11
Sunday,Adult,Male,Middle,Employee,Expert,Pick up,Valid_Recent_Exp,No defect,Undivided_Two-way,No_junction,Dry,Darkness,Vehicles,2,2,Forward,Driver or rider,2,No_pedestrian,Other,Slight Injury,20
Sunday,Adult,Male,Middle,Employee,Expert,Lorry,Unknown,No defect,Undivided_Two-way,No_junction,Dry,Darkness,Vehicles,2,2,Forward,Passenger,3,No_pedestrian,Driving_carelessly,Slight Injury,20
Sunday,Adult,Male,Middle,Employee,Advanced,Automobile,Unknown,No defect,Divided_Two-way,No_junction,Dry,Darkness,Animated_Objects,2,2,Forward,Driver or rider,3,No_pedestrian,Driving_carelessly,Slight Injury,20
Friday,Unknown,Male,Elementary,Employee,Beginner,Public,Unknown,No defect,One-way,No_junction,Dry,Daylight,Vehicles,2,1,Backward,Passenger,3,No_pedestrian,Changing_lane,Slight Injury,6
Friday,Adult,Male,Elementary,Employee,Advanced,Automobile,Unknown,No defect,Divided_Two-way,No_junction,Dry,Daylight,Vehicles,2,1,Backward,Driver or rider,2,No_pedestrian,Changing_lane,Slight Injury,6
Saturday,Adult,Male,Middle,Employee,Advanced,Public,Unknown,No defect,One-way,No_junction,Dry,Daylight,Vehicles,2,1,Backward,Unknown,0,No_pedestrian,Driving_carelessly,Slight Injury,15
Saturday,Underage,Male,Middle,Employee,Beginner,Public,Unknown,No defect,Divided_Two-way,No_junction,Dry,Daylight,Vehicles,2,1,Other,Driver or rider,3,No_pedestrian,Driving_carelessly,Slight Injury,15
Thursday,Unknown,Female,Middle,Owner,Advanced,Automobile,Valid_Recent_Exp,No defect,Divided_Two-way,No_junction,Dry,Darkness,Vehicles,1,1,Forward,Pedestrian,3,Pedestrian,Other,Slight Injury,0
Monday,Young_Adult,Male,Middle,Owner,Expert,Lorry,Moderate_Exp,No defect,Divided_Two-way,Crossing,Not dry,Darkness,Inanimated_Objects,2,1,Unknown,Driver or rider,3,No_pedestrian,No_distance,Slight Injury,5
Monday,Young_Adult,Male,Unknown,Owner,Beginner,Automobile,Moderate_Exp,No defect,Divided_Two-way,Crossing,Not dry,Darkness,Inanimated_Objects,2,1,Turn,Passenger,3,No_pedestrian,Changing_lane,Slight Injury,5
Tuesday,Adult,Male,Elementary,Owner,Advanced,Pick up,Valid_Recent_Exp,Unknown,Undivided_Two-way,Y,Not dry,Darkness,Vehicles,1,1,Stop,Unknown,0,No_pedestrian,Changing_lane,Serious Injury,21
Wednesday,Unknown,Male,Advanced,Employee,Expert,Public,Unknown,No defect,One-way,Y,Dry,Darkness,Vehicles,2,1,Forward,Passenger,3,No_pedestrian,No_distance,Slight Injury,18
Wednesday,Underage,Male,Middle,Employee,Beginner,Automobile,Moderate_Exp,Unknown,One-way,Y,Dry,Darkness,Vehicles,2,1,Forward,Unknown,0,No_pedestrian,Changing_lane,Slight Injury,18
Tuesday,Adult,Male,Middle,Employee,Beginner,Automobile,Advanced_Exp,No defect,Divided_Two-way,No_junction,Dry,Daylight,Vehicles,2,1,Forward,Driver or rider,3,No_pedestrian,Driving_carelessly,Slight Injury,7
Tuesday,Unknown,Female,Middle,Employee,Expert,Automobile,Moderate_Exp,Unknown,Undivided_Two-way,No_junction,Dry,Daylight,Vehicles,2,1,Turn,Pedestrian,2,No_pedestrian,Changing_lane,Slight Injury,7
Thursday,Older_Adult,Male,Middle,Owner,Expert,Automobile,Unknown,Unknown,Divided_Two-way,Other,Dry,Daylight,Vehicles,2,1,Backward,Driver or rider,3,No_pedestrian,No_distance,Slight Injury,16
Thursday,Young_Adult,Male,Middle,Employee,Expert,Other,Unknown,No defect,Undivided_Two-way,Other,Dry,Daylight,Vehicles,2,1,Backward,Unknown,0,No_pedestrian,Changing_lane,Slight Injury,16
Wednesday,Young_Adult,Male,Middle,Employee,Unknown,Other,Valid_Recent_Exp,No defect,Divided_Two-way,No_junction,Dry,Daylight,Vehicles,2,2,Other,Pedestrian,3,Pedestrian,No_distance,Serious Injury,15
Wednesday,Older_Adult,Male,Middle,Employee,Beginner,Other,Unknown,No defect,Undivided_Two-way,No_junction,Dry,Daylight,Vehicles,2,2,Forward,Pedestrian,3,Pedestrian,Other,Serious Injury,15
Wednesday,Older_Adult,Male,Elementary,Owner,Beginner,Public,Unknown,No defect,One-way,No_junction,Dry,Daylight,Vehicles,2,2,Forward,Unknown,0,No_pedestrian,No_distance,Serious Injury,15
Thursday,Older_Adult,Male,Middle,Owner,Beginner,Lorry,Unknown,No defect,Divided_Two-way,No_junction,Dry,Daylight,Other,2,1,Forward,Driver or rider,3,No_pedestrian,Other,Slight Injury,15
Thursday,Older_Adult,Male,Middle,Owner,Beginner,Public,Unknown,No defect,One-way,No_junction,Dry,Daylight,Vehicles,2,1,Forward,Unknown,0,No_pedestrian,Other,Slight Injury,15
Saturday,Adult,Male,Middle,Owner,Intermediate,Automobile,Unknown,No defect,Undivided_Two-way,No_junction,Dry,Darkness,Inanimated_Objects,2,3,Forward,Driver or rider,3,No_pedestrian,Driving_carelessly,Serious Injury,22
Saturday,Young_Adult,Male,Unknown,Owner,Advanced,Automobile,Unknown,No defect,Undivided_Two-way,No_junction,Dry,Darkness,Vehicles,2,3,Forward,Pedestrian,3,No_pedestrian,Other,Serious Injury,22
Saturday,Young_Adult,Male,Unknown,Owner,Expert,Automobile,Unknown,No defect,Undivided_Two-way,No_junction,Dry,Darkness,Vehicles,2,3,Forward,Driver or rider,3,No_pedestrian,Changing_lane,Serious Injury,22
Friday,Adult,Male,Middle,Owner,Intermediate,Lorry,Unknown,Unknown,Other,Other,Dry,Daylight,Vehicles,3,2,Forward,Unknown,0,No_pedestrian,Changing_lane,Slight Injury,8
Friday,Adult,Male,Elementary,Owner,Expert,Lorry,Unknown,No defect,Undivided_Two-way,Other,Dry,Daylight,Vehicles,3,2,Forward,Unknown,0,No_pedestrian,Changing_lane,Slight Injury,8
Friday,Adult,Male,Elementary,Owner,Advanced,Lorry,Moderate_Exp,Unknown,Undivided_Two-way,Other,Dry,Daylight,Vehicles,3,2,Other,Unknown,0,No_pedestrian,Other,Slight Injury,8
Sunday,Young_Adult,Male,Unknown,Owner,Unknown,Public,Unknown,Unknown,Undivided_Two-way,No_junction,Dry,Daylight,Vehicles,2,6,Backward,Driver or rider,3,No_pedestrian,Driving_carelessly,Fatal injury,11
Sunday,Young_Adult,Male,Middle,Owner,Advanced,Public,Unknown,Unknown,Undivided_Two-way,No_junction,Dry,Daylight,Inanimated_Objects,2,6,Forward,Unknown,0,No_pedestrian,Driving_carelessly,Fatal injury,11
Sunday,Young_Adult,Male,Middle,Owner,Beginner,Other,Unknown,No defect,Divided_Two-way,No_junction,Dry,Daylight,Inanimated_Objects,2,6,Backward,Pedestrian,3,No_pedestrian,Changing_lane,Fatal injury,11
Sunday,Young_Adult,Male,Middle,Owner,Intermediate,Public,Unknown,No defect,Divided_Two-way,No_junction,Dry,Daylight,Vehicles,2,6,Forward,Driver or rider,3,No_pedestrian,Changing_lane,Fatal injury,11
Sunday,Young_Adult,Male,Elementary,Employee,Intermediate,Other,Unknown,No defect,Divided_Two-way,No_junction,Dry,Daylight,Inanimated_Objects,2,6,Backward,Pedestrian,3,Pedestrian,Changing_lane,Fatal injury,11
Sunday,Young_Adult,Male,Middle,Employee,Intermediate,Public,Advanced_Exp,Unknown,One-way,No_junction,Dry,Daylight,Inanimated_Objects,2,6,Unknown,Driver or rider,3,No_pedestrian,Changing_lane,Fatal injury,11
Monday,Underage,Male,Middle,Employee,Intermediate,Automobile,Unknown,Unknown,Divided_Two-way,Y,Dry,Darkness,Vehicles,2,1,Forward,Unknown,0,No_pedestrian,Changing_lane,Slight Injury,20
Monday,Underage,Male,Middle,Employee,Advanced,Automobile,Moderate_Exp,Unknown,Undivided_Two-way,Y,Dry,Darkness,Vehicles,2,1,Forward,Unknown,0,No_pedestrian,Other,Slight Injury,20
Wednesday,Adult,Male,Middle,Employee,Advanced,Lorry,Valid_Recent_Exp,Unknown,Unknown,Crossing,Dry,Daylight,Inanimated_Objects,2,1,Forward,Driver or rider,3,No_pedestrian,Other,Serious Injury,9
Wednesday,Young_Adult,Male,Middle,Employee,Expert,Other,Advanced_Exp,Unknown,Undivided_Two-way,Crossing,Dry,Daylight,Vehicles,2,1,Forward,Unknown,0,No_pedestrian,Changing_lane,Serious Injury,9
Wednesday,Older_Adult,Male,Elementary,Employee,Advanced,Lorry,Advanced_Exp,Unknown,Undivided_Two-way,No_junction,Dry,Daylight,Vehicles,2,1,Other,Driver or rider,3,No_pedestrian,Other,Slight Injury,12
Wednesday,Older_Adult,Male,Middle,Employee,Advanced,Lorry,Valid_Recent_Exp,No defect,Other,No_junction,Dry,Daylight,Vehicles,2,1,Forward,Pedestrian,3,No_pedestrian,Driving_carelessly,Slight Injury,12
Monday,Unknown,Male,Middle,Employee,Expert,Public,Moderate_Exp,Unknown,One-way,No_junction,Not dry,Daylight,Vehicles,2,1,Backward,Driver or rider,3,No_pedestrian,Other,Slight Injury,14
Monday,Adult,Male,Elementary,Owner,Unknown,Automobile,Unknown,No defect,Divided_Two-way,No_junction,Not dry,Daylight,Vehicles,2,1,Backward,Unknown,0,No_pedestrian,No_distance,Slight Injury,14
Tuesday,Unknown,Male,Middle,Owner,Advanced,Automobile,Unknown,No defect,Divided_Two-way,No_junction,Dry,Daylight,Vehicles,2,1,Backward,Driver or rider,3,No_pedestrian,Driving_carelessly,Slight Injury,9
Tuesday,Adult,Male,Middle,Employee,Advanced,Automobile,Moderate_Exp,Unknown,Undivided_Two-way,No_junction,Dry,Daylight,Animated_Objects,2,1,Forward,Unknown,0,No_pedestrian,Other,Slight Injury,9
Thursday,Young_Adult,Male,Middle,Employee,Beginner,Public,Unknown,No defect,Divided_Two-way,No_junction,Not dry,Daylight,Vehicles,2,2,Forward,Passenger,3,No_pedestrian,Changing_lane,Slight Injury,14
Thursday,Young_Adult,Male,Unknown,Unknown,Unknown,Lorry,Unknown,No defect,Divided_Two-way,No_junction,Not dry,Daylight,Inanimated_Objects,2,2,Forward,Unknown,0,No_pedestrian,No_distance,Slight Injury,14
Sunday,Young_Adult,Male,Middle,Employee,Advanced,Pick up,Unknown,No defect,One-way,Other,Dry,Daylight,Vehicles,2,1,Forward,Pedestrian,2,Pedestrian,Other,Slight Injury,17
Sunday,Young_Adult,Male,Middle,Employee,Advanced,Lorry,Valid_Recent_Exp,No defect,Divided_Two-way,Other,Dry,Daylight,Vehicles,2,1,Other,Driver or rider,2,No_pedestrian,Driving_carelessly,Slight Injury,17
Saturday,Young_Adult,Male,Middle,Employee,Expert,Pick up,Unknown,No defect,One-way,No_junction,Dry,Darkness,Vehicles,1,1,Forward,Unknown,0,No_pedestrian,Driving_carelessly,Slight Injury,20
Wednesday,Adult,Male,Middle,Employee,Expert,Other,Unknown,Unknown,Divided_Two-way,Other,Dry,Darkness,Vehicles,2,1,Forward,Pedestrian,3,Pedestrian,No_distance,Slight Injury,17
Wednesday,Adult,Male,Middle,Employee,Expert,Lorry,Unknown,Unknown,Divided_Two-way,Other,Dry,Darkness,Vehicles,2,1,Forward,Pedestrian,3,Pedestrian,No_distance,Slight Injury,17
Monday,Unknown,Male,Middle,Employee,Expert,Unknown,Moderate_Exp,No defect,Undivided_Two-way,Crossing,Dry,Daylight,Vehicles,3,1,Backward,Driver or rider,3,No_pedestrian,Other,Serious Injury,15
Monday,Young_Adult,Male,Middle,Employee,Expert,Unknown,Unknown,Unknown,Divided_Two-way,Crossing,Dry,Daylight,Vehicles,3,1,Backward,Unknown,0,No_pedestrian,Other,Serious Injury,15
Monday,Adult,Male,Middle,Employee,Expert,Lorry,Unknown,Unknown,Divided_Two-way,Crossing,Dry,Daylight,Vehicles,3,1,Forward,Driver or rider,3,No_pedestrian,Changing_lane,Serious Injury,15
Wednesday,Unknown,Male,Middle,Employee,Advanced,Other,Valid_Recent_Exp,No defect,Undivided_Two-way,No_junction,Dry,Daylight,Vehicles,1,1,Forward,Unknown,0,No_pedestrian,Changing_lane,Slight Injury,8
Saturday,Older_Adult,Male,Middle,Employee,Intermediate,Other,Advanced_Exp,No defect,Divided_Two-way,No_junction,Not dry,Darkness,Inanimated_Objects,1,1,Backward,Driver or rider,3,No_pedestrian,Driving_carelessly,Serious Injury,16
Monday,Underage,Male,Middle,Employee,Beginner,Automobile,Advanced_Exp,No defect,Divided_Two-way,No_junction,Dry,Darkness,Vehicles,2,2,Forward,Unknown,0,No_pedestrian,Other,Slight Injury,21
Monday,Underage,Male,Middle,Employee,Beginner,Other,Unknown,No defect,Other,No_junction,Dry,Darkness,Inanimated_Objects,2,2,Backward,Driver or rider,3,No_pedestrian,Other,Slight Injury,21
Monday,Unknown,Male,Middle,Employee,Intermediate,Automobile,Advanced_Exp,Unknown,Divided_Two-way,No_junction,Dry,Darkness,Vehicles,2,2,Other,Unknown,0,No_pedestrian,Changing_lane,Slight Injury,21
Tuesday,Adult,Male,Elementary,Employee,Beginner,Public,Unknown,Unknown,Other,No_junction,Dry,Daylight,Vehicles,2,1,Unknown,Unknown,0,No_pedestrian,Driving_carelessly,Slight Injury,9
Tuesday,Unknown,Male,Middle,Employee,Beginner,Lorry,Unknown,No defect,Undivided_Two-way,No_junction,Dry,Daylight,Other,2,1,Forward,Driver or rider,3,No_pedestrian,Driving_carelessly,Slight Injury,9
Saturday,Adult,Male,Middle,Employee,Unknown,Unknown,Valid_Recent_Exp,No defect,Divided_Two-way,Y,Not dry,Daylight,Animated_Objects,2,1,Forward,Passenger,3,No_pedestrian,Other,Slight Injury,20
Saturday,Adult,Male,Unknown,Employee,Advanced,Automobile,Valid_Recent_Exp,No defect,Divided_Two-way,Y,Not dry,Daylight,Vehicles,2,1,Forward,Driver or rider,3,No_pedestrian,Changing_lane,Slight Injury,20
Tuesday,Unknown,Female,Elementary,Employee,Beginner,Unknown,Unknown,No defect,Other,Crossing,Not dry,Darkness,Vehicles,2,1,Forward,Unknown,0,No_pedestrian,Driving_carelessly,Slight Injury,18
Tuesday,Underage,Male,Middle,Employee,Beginner,Lorry,Unknown,No defect,Other,Crossing,Not dry,Darkness,Vehicles,2,1,Forward,Unknown,0,No_pedestrian,No_distance,Slight Injury,18
Friday,Adult,Male,Middle,Employee,Beginner,Unknown,Unknown,No defect,Divided_Two-way,Crossing,Not dry,Daylight,Animated_Objects,2,1,Forward,Unknown,0,No_pedestrian,Changing_lane,Slight Injury,13
Friday,Young_Adult,Male,Elementary,Employee,Expert,Lorry,Unknown,No defect,Undivided_Two-way,Crossing,Not dry,Daylight,Inanimated_Objects,2,1,Forward,Driver or rider,3,No_pedestrian,No_distance,Slight Injury,13
Tuesday,Adult,Male,Elementary,Employee,Expert,Automobile,Unknown,No defect,Undivided_Two-way,Y,Not dry,Darkness,Other,6,1,Forward,Passenger,3,No_pedestrian,No_distance,Slight Injury,17
Tuesday,Young_Adult,Male,Elementary,Employee,Beginner,Lorry,Unknown,No defect,Undivided_Two-way,Y,Not dry,Darkness,Vehicles,6,1,Forward,Driver or rider,3,No_pedestrian,Other,Slight Injury,17
Tuesday,Adult,Male,Middle,Employee,Intermediate,Lorry,Unknown,No defect,Undivided_Two-way,Y,Not dry,Darkness,Other,6,1,Forward,Unknown,0,No_pedestrian,Other,Slight Injury,17
Tuesday,Adult,Male,Middle,Employee,Intermediate,Other,Unknown,No defect,Undivided_Two-way,Y,Not dry,Darkness,Other,6,1,Forward,Driver or rider,3,No_pedestrian,Driving_carelessly,Slight Injury,17
Tuesday,Older_Adult,Male,Advanced,Employee,Expert,Automobile,Unknown,No defect,Undivided_Two-way,No_junction,Dry,Darkness,Other,2,1,Forward,Unknown,0,No_pedestrian,Other,Fatal injury,17
Tuesday,Young_Adult,Male,Middle,Employee,Intermediate,Automobile,Unknown,No defect,Unknown,No_junction,Dry,Darkness,Vehicles,2,1,Forward,Pedestrian,3,Pedestrian,Other,Fatal injury,17
Wednesday,Underage,Male,Middle,Employee,Intermediate,Lorry,Unknown,No defect,Divided_Two-way,Other,Not dry,Daylight,Vehicles,2,1,Forward,Unknown,0,No_pedestrian,Other,Slight Injury,7
Wednesday,Young_Adult,Male,Middle,Employee,Beginner,Lorry,Unknown,No defect,Undivided_Two-way,Other,Not dry,Daylight,Inanimated_Objects,2,1,Forward,Driver or rider,3,No_pedestrian,Other,Slight Injury,7
Wednesday,Young_Adult,Male,Middle,Employee,Advanced,Other,Unknown,No defect,Divided_Two-way,No_junction,Dry,Daylight,Inanimated_Objects,1,1,Backward,Passenger,3,No_pedestrian,Changing_lane,Serious Injury,12
Wednesday,Adult,Male,Middle,Employee,Beginner,Automobile,Moderate_Exp,Unknown,Divided_Two-way,Y,Not dry,Daylight,Vehicles,2,1,Forward,Unknown,0,No_pedestrian,Changing_lane,Serious Injury,17
Wednesday,Unknown,Male,Middle,Employee,Beginner,Unknown,Moderate_Exp,Unknown,One-way,Y,Not dry,Daylight,Vehicles,2,1,Forward,Driver or rider,3,No_pedestrian,No_distance,Serious Injury,17
Sunday,Adult,Male,Elementary,Employee,Unknown,Automobile,Moderate_Exp,Unknown,Undivided_Two-way,Other,Dry,Daylight,Vehicles,2,1,Forward,Passenger,3,No_pedestrian,No_distance,Serious Injury,10
Sunday,Young_Adult,Male,Middle,Employee,Beginner,Lorry,Moderate_Exp,Unknown,Undivided_Two-way,Other,Dry,Daylight,Vehicles,2,1,Unknown,Passenger,3,No_pedestrian,Driving_carelessly,Serious Injury,10
Monday,Unknown,Female,Middle,Employee,Beginner,Other,Moderate_Exp,No defect,Divided_Two-way,No_junction,Dry,Daylight,Vehicles,2,1,Turn,Unknown,0,No_pedestrian,Other,Slight Injury,7
Monday,Young_Adult,Male,Elementary,Employee,Intermediate,Automobile,Unknown,No defect,One-way,No_junction,Dry,Daylight,Other,2,1,Forward,Driver or rider,3,No_pedestrian,Other,Slight Injury,7
Wednesday,Unknown,Female,Middle,Employee,Beginner,Public,Unknown,No defect,Undivided_Two-way,No_junction,Dry,Daylight,Vehicles,1,1,Forward,Passenger,3,No_pedestrian,Other,Slight Injury,8
Thursday,Young_Adult,Male,Middle,Employee,Advanced,Automobile,Moderate_Exp,No defect,One-way,Crossing,Dry,Daylight,Inanimated_Objects,1,1,Forward,Unknown,0,No_pedestrian,Changing_lane,Slight Injury,7
Wednesday,Young_Adult,Male,Middle,Employee,Beginner,Automobile,Advanced_Exp,No defect,Divided_Two-way,Y,Dry,Daylight,Animated_Objects,2,3,Forward,Unknown,0,No_pedestrian,Changing_lane,Slight Injury,15
Wednesday,Adult,Male,Middle,Employee,Expert,Lorry,Unknown,No defect,Divided_Two-way,Y,Dry,Daylight,Vehicles,2,3,Forward,Driver or rider,3,No_pedestrian,Driving_carelessly,Slight Injury,15
Wednesday,Adult,Male,Elementary,Owner,Advanced,Other,Unknown,No defect,Undivided_Two-way,Y,Dry,Daylight,Vehicles,2,3,Forward,Pedestrian,3,Pedestrian,Changing_lane,Slight Injury,15
Wednesday,Adult,Male,Elementary,Employee,Beginner,Public,Unknown,No defect,Divided_Two-way,Y,Dry,Daylight,Vehicles,2,3,Forward,Unknown,0,No_pedestrian,Changing_lane,Slight Injury,15
Tuesday,Unknown,Male,Middle,Employee,Advanced,Other,Unknown,No defect,Undivided_Two-way,No_junction,Not dry,Darkness,Vehicles,2,1,Forward,Driver or rider,3,No_pedestrian,Driving_carelessly,Slight Injury,17
Tuesday,Young_Adult,Male,Elementary,Owner,Advanced,Other,Unknown,No defect,One-way,No_junction,Not dry,Darkness,Vehicles,2,1,Forward,Unknown,0,No_pedestrian,Changing_lane,Slight Injury,17
Sunday,Adult,Male,Middle,Employee,Intermediate,Other,Unknown,No defect,Divided_Two-way,Y,Dry,Darkness,Vehicles,1,1,Turn,Driver or rider,3,No_pedestrian,Changing_lane,Serious Injury,17
Saturday,Young_Adult,Male,Middle,Employee,Expert,Lorry,Unknown,No defect,Undivided_Two-way,Crossing,Not dry,Daylight,Vehicles,2,3,Unknown,Unknown,0,No_pedestrian,Other,Slight Injury,11
Saturday,Young_Adult,Male,Middle,Employee,Advanced,Lorry,Unknown,No defect,Divided_Two-way,Crossing,Not dry,Daylight,Inanimated_Objects,2,3,Backward,Driver or rider,3,No_pedestrian,Driving_carelessly,Slight Injury,11
Saturday,Adult,Male,Middle,Employee,Beginner,Pick up,Unknown,No defect,One-way,Crossing,Not dry,Daylight,Other,2,3,Other,Pedestrian,3,Pedestrian,No_distance,Slight Injury,11
Tuesday,Unknown,Male,Middle,Employee,Expert,Lorry,Unknown,No defect,Undivided_Two-way,Other,Dry,Darkness,Vehicles,2,6,Forward,Pedestrian,3,No_pedestrian,Driving_carelessly,Slight Injury,18
Tuesday,Underage,Male,Elementary,Owner,Intermediate,Automobile,Unknown,Unknown,One-way,Other,Dry,Darkness,Animated_Objects,2,6,Forward,Pedestrian,3,No_pedestrian,Driving_carelessly,Slight Injury,18
Tuesday,Underage,Male,Middle,Employee,Advanced,Automobile,Unknown,Unknown,Undivided_Two-way,Other,Dry,Darkness,Vehicles,2,6,Turn,Unknown,0,No_pedestrian,Driving_carelessly,Slight Injury,18
Tuesday,Underage,Male,Middle,Employee,Beginner,Pick up,Unknown,No defect,Undivided_Two-way,Other,Dry,Darkness,Vehicles,2,6,Other,Driver or rider,2,No_pedestrian,Changing_lane,Slight Injury,18
Tuesday,Underage,Male,Middle,Employee,Advanced,Automobile,Advanced_Exp,Unknown,Undivided_Two-way,Other,Dry,Darkness,Animated_Objects,2,6,Forward,Driver or rider,3,No_pedestrian,Other,Slight Injury,18
Tuesday,Underage,Male,Middle,Employee,Expert,Other,Advanced_Exp,Unknown,One-way,Other,Dry,Darkness,Animated_Objects,2,6,Forward,Unknown,0,No_pedestrian,Driving_carelessly,Slight Injury,18
Friday,Unknown,Male,Middle,Employee,Advanced,Lorry,Unknown,No defect,Other,Other,Dry,Daylight,Vehicles,2,1,Other,Unknown,0,No_pedestrian,Other,Slight Injury,15
Friday,Young_Adult,Male,Elementary,Employee,Beginner,Public,Unknown,Unknown,Divided_Two-way,Other,Dry,Daylight,Vehicles,2,1,Forward,Driver or rider,3,No_pedestrian,Changing_lane,Slight Injury,15
Thursday,Unknown,Male,Middle,Employee,Unknown,Pick up,Advanced_Exp,Unknown,Divided_Two-way,Y,Dry,Darkness,Vehicles,2,2,Turn,Pedestrian,3,Pedestrian,Driving_carelessly,Slight Injury,18
Thursday,Adult,Male,Advanced,Employee,Beginner,Automobile,Advanced_Exp,No defect,Divided_Two-way,Y,Dry,Darkness,Vehicles,2,2,Forward,Pedestrian,3,No_pedestrian,Changing_lane,Slight Injury,18
Thursday,Adult,Male,Middle,Employee,Expert,Other,Moderate_Exp,No defect,Divided_Two-way,Y,Dry,Darkness,Vehicles,2,2,Turn,Driver or rider,3,No_pedestrian,Other,Slight Injury,18
Wednesday,Unknown,Male,Middle,Employee,Beginner,Pick up,Unknown,No defect,Divided_Two-way,Y,Dry,Daylight,Inanimated_Objects,2,2,Forward,Pedestrian,3,Pedestrian,Other,Serious Injury,13
Wednesday,Underage,Male,Middle,Employee,Advanced,Public,Unknown,No defect,Undivided_Two-way,Y,Dry,Daylight,Vehicles,2,2,Backward,Driver or rider,3,No_pedestrian,Driving_carelessly,Serious Injury,13
Wednesday,Underage,Male,Middle,Employee,Intermediate,Public,Unknown,No defect,Divided_Two-way,Y,Dry,Daylight,Vehicles,2,2,Unknown,Unknown,0,No_pedestrian,No_distance,Serious Injury,13
Tuesday,Unknown,Male,Unknown,Unknown,Unknown,Lorry,Unknown,No defect,Divided_Two-way,No_junction,Dry,Darkness,Vehicles,2,1,Forward,Driver or rider,3,No_pedestrian,Driving_carelessly,Slight Injury,18
Tuesday,Young_Adult,Male,Middle,Employee,Intermediate,Pick up,Unknown,No defect,Undivided_Two-way,No_junction,Dry,Darkness,Vehicles,2,1,Forward,Unknown,0,No_pedestrian,Changing_lane,Slight Injury,18
Friday,Adult,Male,Middle,Employee,Intermediate,Lorry,Unknown,No defect,One-way,No_junction,Dry,Daylight,Vehicles,2,2,Backward,Driver or rider,3,No_pedestrian,Driving_carelessly,Slight Injury,15
Friday,Young_Adult,Male,Middle,Employee,Expert,Pick up,Unknown,No defect,Undivided_Two-way,No_junction,Dry,Daylight,Vehicles,2,2,Backward,Unknown,0,No_pedestrian,Driving_carelessly,Slight Injury,15
Tuesday,Unknown,Male,Middle,Employee,Beginner,Lorry,Valid_Recent_Exp,Unknown,Divided_Two-way,Y,Not dry,Daylight,Vehicles,2,1,Backward,Passenger,3,No_pedestrian,No_distance,Slight Injury,14
Tuesday,Young_Adult,Male,Advanced,Owner,Beginner,Unknown,Valid_Recent_Exp,Unknown,Divided_Two-way,Y,Not dry,Daylight,Vehicles,2,1,Forward,Driver or rider,3,No_pedestrian,Other,Slight Injury,14
Monday,Unknown,Male,Advanced,Employee,Unknown,Other,Unknown,Unknown,Undivided_Two-way,Crossing,Not dry,Darkness,Vehicles,2,2,Forward,Unknown,0,No_pedestrian,Driving_carelessly,Serious Injury,22
Monday,Adult,Male,Middle,Employee,Beginner,Unknown,Advanced_Exp,Unknown,Divided_Two-way,Crossing,Not dry,Darkness,Vehicles,2,2,Forward,Unknown,0,No_pedestrian,Driving_carelessly,Serious Injury,22
Monday,Adult,Male,Middle,Employee,Advanced,Public,Unknown,Unknown,Divided_Two-way,Crossing,Not dry,Darkness,Vehicles,2,2,Forward,Driver or rider,3,No_pedestrian,Changing_lane,Serious Injury,22