Day_of_week,Age_band_of_driver,Sex_of_driver,Educational_level,Vehicle_driver_relation,Driving_experience,Type_of_vehicle,Service_year_of_vehicle,Defect_of_vehicle,Lanes_or_Medians,Types_of_Junction,Road_surface_conditions,Light_conditions,Type_of_collision,Number_of_vehicles_involved,Number_of_casualties,Vehicle_movement,Casualty_class,Casualty_severity,Pedestrian_movement,Cause_of_accident,Accident_severity,Hour
Tuesday,Unknown,Female,Middle,Employee,Advanced,Unknown,Unknown,Unknown,Divided_Two-way,No_junction,Not dry,Darkness,Vehicles,2,1,Forward,Unknown,0,No_pedestrian,Driving_carelessly,Slight Injury,19
Tuesday,Adult,Male,Middle,Employee,Intermediate,Other,Unknown,Unknown,Undivided_Two-way,No_junction,Not dry,Darkness,Vehicles,2,1,Forward,Driver or rider,3,No_pedestrian,Other,Slight Injury,19
Sunday,Unknown,Male,Middle,Employee,Expert,Unknown,Valid_Recent_Exp,Unknown,Divided_Two-way,Crossing,Dry,Daylight,Inanimated_Objects,2,1,Forward,Pedestrian,3,No_pedestrian,Changing_lane,Slight Injury,19
Sunday,Young_Adult,Male,Elementary,Employee,Advanced,Other,Valid_Recent_Exp,Unknown,Unknown,Crossing,Dry,Daylight,Inanimated_Objects,2,1,Forward,Pedestrian,3,No_pedestrian,No_distance,Slight Injury,19
Friday,Unknown,Male,Middle,Employee,Advanced,Lorry,Unknown,Unknown,Divided_Two-way,No_junction,Dry,Daylight,Vehicles,2,2,Backward,Unknown,0,No_pedestrian,Other,Slight Injury,13
Friday,Young_Adult,Male,Advanced,Employee,Beginner,Lorry,Valid_Recent_Exp,Unknown,Divided_Two-way,No_junction,Dry,Daylight,Vehicles,2,2,Forward,Driver or rider,3,No_pedestrian,Driving_carelessly,Slight Injury,13
Friday,Young_Adult,Male,Elementary,Employee,Expert,Lorry,Unknown,Unknown,Divided_Two-way,No_junction,Dry,Daylight,Vehicles,2,2,Forward,Passenger,3,No_pedestrian,Driving_carelessly,Slight Injury,13
Sunday,Young_Adult,Male,Elementary,Employee,Advanced,Automobile,Advanced_Exp,No defect,Divided_Two-way,Crossing,Dry,Daylight,Vehicles,2,1,Forward,Driver or rider,3,No_pedestrian,No_distance,Slight Injury,18
Sunday,Adult,Male,Elementary,Employee,Intermediate,Lorry,Unknown,No defect,Divided_Two-way,Crossing,Dry,Daylight,Vehicles,2,1,Forward,Passenger,3,No_pedestrian,No_distance,Slight Injury,18
Saturday,Unknown,Male,Elementary,Employee,Intermediate,Automobile,Unknown,No defect,One-way,Y,Dry,Daylight,Vehicles,2,1,Forward,Pedestrian,3,Pedestrian,Other,Slight Injury,19
Saturday,Underage,Male,Middle,Employee,Advanced,Automobile,Unknown,No defect,Undivided_Two-way,Y,Dry,Daylight,Vehicles,2,1,Backward,Pedestrian,3,No_pedestrian,Other,Slight Injury,19
Wednesday,Young_Adult,Male,Middle,Employee,Beginner,Pick up,Unknown,No defect,Divided_Two-way,No_junction,Dry,Daylight,Vehicles,2,1,Forward,Pedestrian,2,No_pedestrian,Changing_lane,Slight Injury,16
Wednesday,Adult,Male,Middle,Employee,Advanced,Automobile,Unknown,No defect,Divided_Two-way,No_junction,Dry,Daylight,Vehicles,2,1,Forward,Passenger,3,No_pedestrian,Changing_lane,Slight Injury,16
Wednesday,Adult,Male,Middle,Employee,Advanced,Unknown,Advanced_Exp,No defect,Unknown,Other,Dry,Daylight,Vehicles,2,1,Backward,Passenger,3,No_pedestrian,Driving_carelessly,Slight Injury,18
Wednesday,Underage,Male,Advanced,Employee,Advanced,Automobile,Advanced_Exp,No defect,Undivided_Two-way,Other,Dry,Daylight,Vehicles,2,1,Backward,Unknown,0,No_pedestrian,Other,Slight Injury,18
Tuesday,Older_Adult,Male,Middle,Employee,Expert,Unknown,Unknown,No defect,Other,Y,Dry,Daylight,Vehicles,2,1,Forward,Driver or rider,3,No_pedestrian,Other,Slight Injury,13
Tuesday,Unknown,Male,Elementary,Employee,Intermediate,Lorry,Unknown,No defect,Other,Y,Dry,Daylight,Vehicles,2,1,Turn,Pedestrian,3,Pedestrian,Changing_lane,Slight Injury,13
Monday,Older_Adult,Male,Middle,Employee,Advanced,Public,Advanced_Exp,No defect,Other,No_junction,Dry,Daylight,Vehicles,2,1,Turn,Driver or rider,3,No_pedestrian,Driving_carelessly,Slight Injury,10
Monday,Older_Adult,Male,Unknown,Unknown,Unknown,Pick up,Unknown,Unknown,Unknown,No_junction,Dry,Daylight,Vehicles,2,1,Forward,Unknown,0,No_pedestrian,Driving_carelessly,Slight Injury,10
Monday,Adult,Male,Middle,Employee,Advanced,Unknown,Unknown,No defect,Undivided_Two-way,Other,Dry,Daylight,Vehicles,2,6,Forward,Driver or rider,3,No_pedestrian,Other,Slight Injury,16
Monday,Adult,Male,Middle,Employee,Unknown,Other,Advanced_Exp,No defect,Other,Other,Dry,Daylight,Vehicles,2,6,Forward,Unknown,0,No_pedestrian,Changing_lane,Slight Injury,16
Monday,Underage,Male,Middle,Employee,Unknown,Lorry,Valid_Recent_Exp,No defect,Other,Other,Dry,Daylight,Vehicles,2,6,Forward,Pedestrian,2,Pedestrian,Driving_carelessly,Slight Injury,16
Monday,Underage,Male,Middle,Employee,Beginner,Automobile,Moderate_Exp,No defect,Undivided_Two-way,Other,Dry,Daylight,Inanimated_Objects,2,6,Forward,Pedestrian,3,No_pedestrian,No_distance,Slight Injury,16
Monday,Underage,Male,Advanced,Owner,Advanced,Pick up,Unknown,No defect,Other,Other,Dry,Daylight,Vehicles,2,6,Forward,Driver or rider,3,No_pedestrian,Changing_lane,Slight Injury,16
Monday,Underage,Male,Middle,Employee,Intermediate,Lorry,Unknown,No defect,Undivided_Two-way,Other,Dry,Daylight,Animated_Objects,2,6,Stop,Passenger,3,No_pedestrian,No_distance,Slight Injury,16
Tuesday,Adult,Male,Middle,Owner,Advanced,Lorry,Moderate_Exp,No defect,One-way,Crossing,Dry,Daylight,Vehicles,2,2,Backward,Unknown,0,No_pedestrian,No_distance,Slight Injury,15
Tuesday,Adult,Male,Middle,Employee,Intermediate,Lorry,Advanced_Exp,No defect,Other,Crossing,Dry,Daylight,Inanimated_Objects,2,2,Other,Unknown,0,No_pedestrian,Other,Slight Injury,15
Tuesday,Young_Adult,Male,Middle,Employee,Expert,Public,Valid_Recent_Exp,No defect,Undivided_Two-way,Crossing,Dry,Daylight,Vehicles,2,2,Forward,Driver or rider,3,No_pedestrian,Other,Slight Injury,15
Tuesday,Unknown,Male,Middle,Employee,Beginner,Public,Unknown,No defect,One-way,No_junction,Dry,Darkness,Vehicles,2,1,Forward,Driver or rider,3,No_pedestrian,Driving_carelessly,Slight Injury,19
Tuesday,Young_Adult,Male,Middle,Employee,Beginner,Automobile,Unknown,No defect,Undivided_Two-way,No_junction,Dry,Darkness,Vehicles,2,1,Forward,Unknown,0,No_pedestrian,Other,Slight Injury,19
Friday,Adult,Male,Unknown,Owner,Unknown,Automobile,Unknown,No defect,Other,Y,Dry,Daylight,Vehicles,2,1,Forward,Unknown,0,No_pedestrian,Other,Slight Injury,13
Friday,Underage,Male,Middle,Employee,Intermediate,Automobile,Advanced_Exp,No defect,Other,Y,Dry,Daylight,Vehicles,2,1,Forward,Driver or rider,3,No_pedestrian,Other,Slight Injury,13
Sunday,Young_Adult,Male,Unknown,Unknown,Unknown,Other,Advanced_Exp,No defect,One-way,Y,Not dry,Daylight,Other,3,1,Forward,Unknown,0,No_pedestrian,Other,Slight Injury,16
Sunday,Unknown,Male,Elementary,Employee,Unknown,Public,Unknown,No defect,One-way,Y,Not dry,Daylight,Inanimated_Objects,3,1,Forward,Pedestrian,3,No_pedestrian,Changing_lane,Slight Injury,16
Sunday,Unknown,Male,Middle,Employee,Expert,Automobile,Advanced_Exp,No defect,Undivided_Two-way,Y,Not dry,Daylight,Vehicles,3,1,Forward,Driver or rider,3,No_pedestrian,Changing_lane,Slight Injury,16
Friday,Unknown,Male,Middle,Owner,Expert,Automobile,Unknown,No defect,Other,Y,Dry,Darkness,Inanimated_Objects,2,2,Forward,Unknown,0,No_pedestrian,No_distance,Slight Injury,0
Friday,Underage,Male,Middle,Employee,Expert,Automobile,Unknown,Unknown,Undivided_Two-way,Y,Dry,Darkness,Vehicles,2,2,Forward,Driver or rider,3,No_pedestrian,No_distance,Slight Injury,0
Friday,Underage,Male,Middle,Employee,Expert,Automobile,Unknown,Unknown,Other,Y,Dry,Darkness,Vehicles,2,2,Forward,Unknown,0,No_pedestrian,Driving_carelessly,Slight Injury,0
Saturday,Underage,Male,Middle,Owner,Advanced,Automobile,Advanced_Exp,No defect,Other,No_junction,Dry,Darkness,Vehicles,2,1,Forward,Driver or rider,3,No_pedestrian,Other,Slight Injury,0
Saturday,Unknown,Male,Middle,Employee,Beginner,Unknown,Moderate_Exp,No defect,One-way,No_junction,Dry,Darkness,Vehicles,2,1,Backward,Unknown,0,No_pedestrian,Other,Slight Injury,0
Wednesday,Underage,Male,Middle,Employee,Intermediate,Unknown,Moderate_Exp,No defect,Undivided_Two-way,No_junction,Not dry,Daylight,Vehicles,2,2,Forward,Pedestrian,3,Pedestrian,Other,Slight Injury,7
Wednesday,Underage,Male,Middle,Employee,Unknown,Pick up,Unknown,Unknown,Other,No_junction,Not dry,Daylight,Inanimated_Objects,2,2,Backward,Pedestrian,3,No_pedestrian,Changing_lane,Slight Injury,7
Wednesday,Older_Adult,Male,Advanced,Employee,Beginner,Other,Unknown,No defect,Other,No_junction,Not dry,Daylight,Vehicles,2,2,Backward,Driver or rider,3,No_pedestrian,Changing_lane,Slight Injury,7
Sunday,Unknown,Female,Middle,Employee,Beginner,Pick up,Unknown,No defect,Divided_Two-way,Crossing,Dry,Darkness,Inanimated_Objects,1,1,Forward,Unknown,0,No_pedestrian,Driving_carelessly,Slight Injury,3
Thursday,Unknown,Male,Middle,Employee,Beginner,Other,Valid_Recent_Exp,No defect,Undivided_Two-way,No_junction,Dry,Daylight,Vehicles,2,1,Forward,Unknown,0,No_pedestrian,Changing_lane,Slight Injury,13
Thursday,Older_Adult,Male,Unknown,Employee,Advanced,Automobile,Advanced_Exp,No defect,Undivided_Two-way,No_junction,Dry,Daylight,Vehicles,2,1,Forward,Driver or rider,3,No_pedestrian,Changing_lane,Slight Injury,13
Monday,Adult,Male,Middle,Employee,Expert,Pick up,Unknown,No defect,Other,Other,Dry,Darkness,Vehicles,2,1,Forward,Unknown,0,No_pedestrian,Driving_carelessly,Slight Injury,21
Monday,Underage,Male,Middle,Employee,Expert,Lorry,Valid_Recent_Exp,No defect,Undivided_Two-way,Other,Dry,Darkness,Vehicles,2,1,Forward,Driver or rider,3,No_pedestrian,Changing_lane,Slight Injury,21
Saturday,Adult,Male,Middle,Employee,Advanced,Lorry,Moderate_Exp,No defect,Undivided_Two-way,No_junction,Dry,Daylight,Vehicles,2,1,Forward,Driver or rider,3,No_pedestrian,Changing_lane,Slight Injury,13
Saturday,Young_Adult,Male,Middle,Employee,Intermediate,Automobile,Unknown,No defect,One-way,No_junction,Dry,Daylight,Vehicles,2,1,Unknown,Unknown,0,No_pedestrian,Other,Slight Injury,13
Monday,Young_Adult,Male,Middle,Employee,Beginner,Automobile,Moderate_Exp,No defect,Undivided_Two-way,No_junction,Dry,Daylight,Vehicles,2,2,Other,Unknown,0,No_pedestrian,Driving_carelessly,Serious Injury,14
Monday,Older_Adult,Male,Middle,Employee,Beginner,Pick up,Unknown,Unknown,Other,No_junction,Dry,Daylight,Vehicles,2,2,Forward,Driver or rider,3,No_pedestrian,No_distance,Serious Injury,14
Wednesday,Young_Adult,Male,Middle,Employee,Advanced,Pick up,Unknown,With defect,Other,No_junction,Dry,Daylight,Vehicles,2,1,Unknown,Unknown,0,No_pedestrian,Driving_carelessly,Slight Injury,18
Wednesday,Unknown,Male,Middle,Employee,Beginner,Lorry,Advanced_Exp,Unknown,Other,No_junction,Dry,Daylight,Vehicles,2,1,Turn,Passenger,3,No_pedestrian,Driving_carelessly,Slight Injury,18
Saturday,Underage,Male,Elementary,Employee,Advanced,Public,Advanced_Exp,With defect,Other,Y,Not dry,Daylight,Vehicles,3,4,Backward,Unknown,0,No_pedestrian,Driving_carelessly,Slight Injury,19
Saturday,Underage,Male,Middle,Employee,Intermediate,Other,Unknown,No defect,Undivided_Two-way,Y,Not dry,Daylight,Other,3,4,Forward,Driver or rider,3,No_pedestrian,Changing_lane,Slight Injury,19
Saturday,Adult,Male,Middle,Employee,Advanced,Automobile,Unknown,No defect,Divided_Two-way,Y,Not dry,Daylight,Inanimated_Objects,3,4,Other,Driver or rider,3,No_pedestrian,Other,Slight Injury,19
Saturday,Underage,Male,Elementary,Employee,Advanced,Automobile,Unknown,No defect,Divided_Two-way,Y,Not dry,Daylight,Vehicles,3,4,Backward,Unknown,0,No_pedestrian,Driving_carelessly,Slight Injury,19
Friday,Adult,Male,Middle,Employee,Expert,Automobile,Moderate_Exp,Unknown,Undivided_Two-way,Other,Dry,Daylight,Vehicles,2,1,Forward,Pedestrian,3,No_pedestrian,Other,Slight Injury,14
Friday,Young_Adult,Male,Middle,Employee,Beginner,Lorry,Moderate_Exp,Unknown,Undivided_Two-way,Other,Dry,Daylight,Inanimated_Objects,2,1,Other,Passenger,3,No_pedestrian,Changing_lane,Slight Injury,14
Friday,Young_Adult,Male,Middle,Employee,Beginner,Automobile,Unknown,No defect,Divided_Two-way,No_junction,Dry,Darkness,Vehicles,2,2,Backward,Passenger,3,No_pedestrian,Driving_carelessly,Slight Injury,21
Friday,Young_Adult,Male,Elementary,Employee,Expert,Lorry,Unknown,Unknown,Divided_Two-way,No_junction,Dry,Darkness,Vehicles,2,2,Forward,Passenger,3,No_pedestrian,Changing_lane,Slight Injury,21
Monday,Underage,Male,Middle,Owner,Beginner,Public,Valid_Recent_Exp,Unknown,Undivided_Two-way,Y,Dry,Daylight,Vehicles,1,1,Forward,Passenger,3,No_pedestrian,Other,Slight Injury,16
Sunday,Adult,Male,Middle,Employee,Intermediate,Automobile,Advanced_Exp,Unknown,Divided_Two-way,No_junction,Dry,Daylight,Other,2,1,Backward,Passenger,3,No_pedestrian,Other,Slight Injury,17
Sunday,Adult,Male,Unknown,Employee,Advanced,Automobile,Advanced_Exp,No defect,Undivided_Two-way,No_junction,Dry,Daylight,Other,2,1,Forward,Passenger,3,No_pedestrian,Driving_carelessly,Slight Injury,17
Wednesday,Older_Adult,Male,Middle,Owner,Intermediate,Automobile,Moderate_Exp,No defect,One-way,Crossing,Dry,Daylight,Animated_Objects,3,1,Stop,Unknown,0,No_pedestrian,No_distance,Slight Injury,18
Wednesday,Adult,Male,Middle,Employee,Expert,Unknown,Unknown,No defect,Divided_Two-way,Crossing,Dry,Daylight,Vehicles,3,1,Forward,Driver or rider,3,No_pedestrian,Driving_carelessly,Slight Injury,18
Wednesday,Adult,Male,Middle,Employee,Beginner,Lorry,Moderate_Exp,Unknown,Divided_Two-way,Crossing,Dry,Daylight,Vehicles,3,1,Forward,Driver or rider,3,No_pedestrian,Changing_lane,Slight Injury,18
Saturday,Adult,Male,Elementary,Employee,Beginner,Lorry,Advanced_Exp,Unknown,Undivided_Two-way,Crossing,Dry,Daylight,Vehicles,2,2,Backward,Unknown,0,No_pedestrian,Driving_carelessly,Slight Injury,12
Saturday,Adult,Male,Middle,Employee,Beginner,Automobile,Moderate_Exp,Unknown,Divided_Two-way,Crossing,Dry,Daylight,Animated_Objects,2,2,Forward,Passenger,3,No_pedestrian,Driving_carelessly,Slight Injury,12
Saturday,Adult,Male,Advanced,Employee,Advanced,Automobile,Unknown,No defect,One-way,Crossing,Dry,Daylight,Animated_Objects,2,2,Forward,Pedestrian,2,No_pedestrian,No_distance,Slight Injury,12
Thursday,Young_Adult,Male,Unknown,Unknown,Unknown,Public,Advanced_Exp,No defect,Divided_Two-way,No_junction,Dry,Daylight,Vehicles,2,4,Forward,Unknown,0,No_pedestrian,Other,Slight Injury,18
Thursday,Young_Adult,Male,Middle,Employee,Advanced,Public,Unknown,No defect,Divided_Two-way,No_junction,Dry,Daylight,Vehicles,2,4,Forward,Driver or rider,3,No_pedestrian,Driving_carelessly,Slight Injury,18
Thursday,Young_Adult,Male,Elementary,Owner,Advanced,Automobile,Unknown,No defect,Unknown,No_junction,Dry,Daylight,Vehicles,2,4,Forward,Driver or rider,3,No_pedestrian,Driving_carelessly,Slight Injury,18
Thursday,Older_Adult,Male,Elementary,Employee,Advanced,Public,Valid_Recent_Exp,No defect,One-way,No_junction,Dry,Daylight,Inanimated_Objects,2,4,Backward,Unknown,0,No_pedestrian,Changing_lane,Slight Injury,18
Wednesday,Adult,Male,Middle,Owner,Advanced,Public,Unknown,No defect,Divided_Two-way,No_junction,Dry,Daylight,Vehicles,2,1,Forward,Driver or rider,3,No_pedestrian,Driving_carelessly,Slight Injury,8
Wednesday,Unknown,Male,Middle,Employee,Advanced,Lorry,Advanced_Exp,Unknown,Divided_Two-way,No_junction,Dry,Daylight,Inanimated_Objects,2,1,Forward,Unknown,0,No_pedestrian,Changing_lane,Slight Injury,8
Monday,Adult,Male,Middle,Owner,Beginner,Automobile,Unknown,Unknown,One-way,Y,Not dry,Daylight,Vehicles,2,2,Backward,Unknown,0,No_pedestrian,Driving_carelessly,Slight Injury,14
Monday,Adult,Male,Middle,Employee,Intermediate,Lorry,Moderate_Exp,No defect,Undivided_Two-way,Y,Not dry,Daylight,Vehicles,2,2,Backward,Unknown,0,No_pedestrian,Driving_carelessly,Slight Injury,14
Monday,Adult,Male,Middle,Owner,Advanced,Unknown,Advanced_Exp,No defect,Undivided_Two-way,Y,Not dry,Daylight,Inanimated_Objects,2,2,Forward,Driver or rider,3,No_pedestrian,Other,Slight Injury,14
Friday,Adult,Male,Middle,Owner,Expert,Automobile,Advanced_Exp,No defect,Other,No_junction,Dry,Daylight,Vehicles,1,1,Forward,Driver or rider,3,No_pedestrian,Driving_carelessly,Slight Injury,17
Wednesday,Young_Adult,Male,Middle,Employee,Advanced,Automobile,Moderate_Exp,No defect,Divided_Two-way,Y,Dry,Daylight,Vehicles,2,1,Forward,Unknown,0,No_pedestrian,No_distance,Serious Injury,7
Wednesday,Adult,Male,Middle,Owner,Intermediate,Unknown,Valid_Recent_Exp,Unknown,Undivided_Two-way,Y,Dry,Daylight,Inanimated_Objects,2,1,Forward,Unknown,0,No_pedestrian,Driving_carelessly,Serious Injury,7
Friday,Young_Adult,Male,Middle,Employee,Advanced,Unknown,Moderate_Exp,Unknown,Divided_Two-way,Other,Dry,Daylight,Inanimated_Objects,2,1,Forward,Driver or rider,3,No_pedestrian,Other,Slight Injury,15
Friday,Adult,Male,Elementary,Employee,Intermediate,Automobile,Unknown,No defect,One-way,Other,Dry,Daylight,Vehicles,2,1,Forward,Unknown,0,No_pedestrian,Other,Slight Injury,15
Monday,Unknown,Male,Elementary,Employee,Advanced,Automobile,Valid_Recent_Exp,No defect,Undivided_Two-way,Y,Dry,Daylight,Vehicles,1,1,Forward,Driver or rider,3,No_pedestrian,No_distance,Slight Injury,10
Tuesday,Unknown,Male,Middle,Employee,Beginner,Automobile,Unknown,No defect,Undivided_Two-way,No_junction,Dry,Daylight,Vehicles,1,1,Forward,Driver or rider,3,No_pedestrian,Driving_carelessly,Serious Injury,12
Saturday,Unknown,Male,Middle,Employee,Advanced,Other,Unknown,Unknown,Divided_Two-way,No_junction,Dry,Daylight,Vehicles,2,1,Forward,Unknown,0,No_pedestrian,Driving_carelessly,Slight Injury,15
Saturday,Adult,Male,Unknown,Unknown,Unknown,Other,Moderate_Exp,Unknown,One-way,No_junction,Dry,Daylight,Vehicles,2,1,Forward,Driver or rider,3,No_pedestrian,Driving_carelessly,Slight Injury,15
Wednesday,Unknown,Male,Elementary,Employee,Expert,Automobile,Advanced_Exp,Unknown,Undivided_Two-way,Y,Dry,Daylight,Vehicles,6,6,Other,Unknown,0,No_pedestrian,Driving_carelessly,Slight Injury,14
Wednesday,Unknown,Male,Elementary,Employee,Beginner,Lorry,Unknown,Unknown,Other,Y,Dry,Daylight,Vehicles,6,6,Forward,Pedestrian,3,No_pedestrian,Driving_carelessly,Slight Injury,14
Wednesday,Unknown,Male,Middle,Employee,Intermediate,Lorry,Advanced_Exp,No defect,Divided_Two-way,Y,Dry,Daylight,Vehicles,6,6,Backward,Pedestrian,3,Pedestrian,No_distance,Slight Injury,14
Wednesday,Older_Adult,Male,Elementary,Owner,Beginner,Lorry,Unknown,No defect,Undivided_Two-way,Y,Dry,Daylight,Vehicles,6,6,Forward,Pedestrian,3,Pedestrian,Other,Slight Injury,14
Wednesday,Adult,Male,Middle,Owner,Advanced,Automobile,Unknown,No defect,Undivided_Two-way,Y,Dry,Daylight,Vehicles,6,6,Backward,Passenger,3,No_pedestrian,No_distance,Slight Injury,14
Wednesday,Young_Adult,Male,Middle,Employee,Intermediate,Automobile,Valid_Recent_Exp,No defect,One-way,Y,Dry,Daylight,Vehicles,6,6,Forward,Unknown,0,No_pedestrian,Changing_lane,Slight Injury,14
Monday,Adult,Male,Middle,Employee,Intermediate,Public,Unknown,No defect,Undivided_Two-way,Y,Dry,Daylight,Vehicles,2,2,Backward,Driver or rider,3,No_pedestrian,Changing_lane,Slight Injury,17
Monday,Older_Adult,Male,Middle,Employee,Intermediate,Public,Unknown,Unknown,Undivided_Two-way,Y,Dry,Daylight,Vehicles,2,2,Unknown,Unknown,0,No_pedestrian,Driving_carelessly,Slight Injury,17
Tuesday,Unknown,Male,Middle,Employee,Expert,Lorry,Unknown,No defect,Other,No_junction,Dry,Daylight,Vehicles,2,1,Forward,Unknown,0,No_pedestrian,Other,Slight Injury,12
Tuesday,Young_Adult,Male,Middle,Employee,Intermediate,Lorry,Unknown,Unknown,Divided_Two-way,No_junction,Dry,Daylight,Vehicles,2,1,Backward,Driver or rider,3,No_pedestrian,Changing_lane,Slight Injury,12
Monday,Young_Adult,Male,Middle,Employee,Beginner,Public,Advanced_Exp,Unknown,Divided_Two-way,Y,Not dry,Darkness,Vehicles,2,1,Other,Passenger,3,No_pedestrian,No_distance,Slight Injury,21
Monday,Young_Adult,Male,Middle,Employee,Intermediate,Other,Advanced_Exp,Unknown,Undivided_Two-way,Y,Not dry,Darkness,Vehicles,2,1,Forward,Driver or rider,3,No_pedestrian,Driving_carelessly,Slight Injury,21
Thursday,Older_Adult,Male,Middle,Employee,Advanced,Lorry,Moderate_Exp,Unknown,One-way,No_junction,Dry,Daylight,Vehicles,1,1,Forward,Unknown,0,No_pedestrian,Changing_lane,Slight Injury,20
Wednesday,Young_Adult,Male,Middle,Employee,Beginner,Automobile,Moderate_Exp,No defect,One-way,No_junction,Dry,Daylight,Inanimated_Objects,3,1,Forward,Driver or rider,3,No_pedestrian,No_distance,Slight Injury,17
Wednesday,Unknown,Male,Elementary,Employee,Beginner,Other,Unknown,No defect,Divided_Two-way,No_junction,Dry,Daylight,Vehicles,3,1,Backward,Unknown,0,No_pedestrian,No_distance,Slight Injury,17
Wednesday,Unknown,Male,Middle,Employee,Intermediate,Other,Unknown,No defect,Divided_Two-way,No_junction,Dry,Daylight,Animated_Objects,3,1,Forward,Driver or rider,3,No_pedestrian,Other,Slight Injury,17
Tuesday,Young_Adult,Male,Middle,Employee,Expert,Automobile,Advanced_Exp,No defect,Divided_Two-way,Crossing,Dry,Daylight,Vehicles,1,1,Forward,Unknown,0,No_pedestrian,Driving_carelessly,Slight Injury,15
Thursday,Older_Adult,Male,Middle,Employee,Beginner,Automobile,Unknown,Unknown,Divided_Two-way,Y,Dry,Daylight,Inanimated_Objects,3,1,Forward,Driver or rider,3,No_pedestrian,Changing_lane,Slight Injury,10
Thursday,Young_Adult,Male,Middle,Employee,Expert,Lorry,Unknown,No defect,One-way,Y,Dry,Daylight,Vehicles,3,1,Forward,Unknown,0,No_pedestrian,No_distance,Slight Injury,10
Thursday,Older_Adult,Male,Elementary,Owner,Advanced,Automobile,Moderate_Exp,No defect,One-way,Y,Dry,Daylight,Vehicles,3,1,Other,Unknown,0,No_pedestrian,Driving_carelessly,Slight Injury,10
Friday,Adult,Male,Elementary,Employee,Expert,Public,Unknown,No defect,Divided_Two-way,Y,Dry,Daylight,Vehicles,2,1,Unknown,Driver or rider,3,No_pedestrian,No_distance,Slight Injury,15
Friday,Young_Adult,Male,Middle,Employee,Beginner,Lorry,Advanced_Exp,No defect,Divided_Two-way,Y,Dry,Daylight,Vehicles,2,1,Forward,Driver or rider,3,No_pedestrian,Changing_lane,Slight Injury,15
Thursday,Young_Adult,Male,Unknown,Unknown,Unknown,Public,Moderate_Exp,Unknown,Divided_Two-way,Y,Dry,Daylight,Vehicles,2,3,Turn,Unknown,0,No_pedestrian,Other,Slight Injury,17
Thursday,Adult,Male,Middle,Owner,Advanced,Lorry,Advanced_Exp,Unknown,Other,Y,Dry,Daylight,Other,2,3,Forward,Passenger,3,No_pedestrian,Driving_carelessly,Slight Injury,17
Thursday,Adult,Male,Elementary,Employee,Intermediate,Lorry,Unknown,Unknown,Divided_Two-way,Y,Dry,Daylight,Inanimated_Objects,2,3,Backward,Driver or rider,3,No_pedestrian,Other,Slight Injury,17
Thursday,Older_Adult,Male,Unknown,Unknown,Unknown,Lorry,Unknown,Unknown,Divided_Two-way,Other,Dry,Daylight,Vehicles,2,1,Backward,Pedestrian,2,Pedestrian,No_distance,Slight Injury,14
Thursday,Adult,Male,Unknown,Unknown,Unknown,Public,Unknown,Unknown,Divided_Two-way,Other,Dry,Daylight,Vehicles,2,1,Forward,Unknown,0,No_pedestrian,Other,Slight Injury,14
Thursday,Young_Adult,Male,Middle,Owner,Beginner,Public,Unknown,Unknown,Divided_Two-way,Crossing,Dry,Daylight,Inanimated_Objects,2,1,Other,Driver or rider,3,No_pedestrian,Driving_carelessly,Slight Injury,15
Thursday,Underage,Male,Middle,Employee,Beginner,Automobile,Unknown,Unknown,Unknown,Crossing,Dry,Daylight,Vehicles,2,1,Forward,Unknown,0,No_pedestrian,Driving_carelessly,Slight Injury,15
Sunday,Young_Adult,Male,Middle,Employee,Beginner,Lorry,Moderate_Exp,Unknown,Divided_Two-way,Y,Dry,Daylight,Vehicles,2,1,Forward,Driver or rider,3,No_pedestrian,Other,Slight Injury,16
Sunday,Adult,Male,Middle,Employee,Expert,Automobile,Valid_Recent_Exp,Unknown,Undivided_Two-way,Y,Dry,Daylight,Vehicles,2,1,Forward,Unknown,0,No_pedestrian,Driving_carelessly,Slight Injury,16
Friday,Older_Adult,Male,Middle,Employee,Beginner,Pick up,Advanced_Exp,No defect,Unknown,Crossing,Dry,Daylight,Vehicles,1,1,Forward,Driver or rider,3,No_pedestrian,Other,Slight Injury,8
Monday,Older_Adult,Male,Middle,Owner,Expert,Automobile,Advanced_Exp,No defect,Undivided_Two-way,No_junction,Not dry,Daylight,Vehicles,2,1,Forward,Passenger,3,No_pedestrian,Changing_lane,Slight Injury,8
Monday,Young_Adult,Male,Middle,Employee,Expert,Public,Unknown,No defect,Other,No_junction,Not dry,Daylight,Vehicles,2,1,Forward,Passenger,3,No_pedestrian,No_distance,Slight Injury,8
Sunday,Unknown,Female,Middle,Employee,Beginner,Public,Unknown,No defect,Other,No_junction,Dry,Daylight,Animated_Objects,2,3,Forward,Driver or rider,3,No_pedestrian,No_distance,Slight Injury,17
Sunday,Young_Adult,Male,Middle,Employee,Beginner,Automobile,Advanced_Exp,No defect,Other,No_junction,Dry,Daylight,Vehicles,2,3,Forward,Driver or rider,3,No_pedestrian,Changing_lane,Slight Injury,17
Sunday,Young_Adult,Male,Middle,Employee,Intermediate,Unknown,Unknown,Unknown,Unknown,No_junction,Dry,Daylight,Inanimated_Objects,2,3,Other,Unknown,0,No_pedestrian,Other,Slight Injury,17