Day_of_week,Age_band_of_driver,Sex_of_driver,Educational_level,Vehicle_driver_relation,Driving_experience,Type_of_vehicle,Service_year_of_vehicle,Defect_of_vehicle,Lanes_or_Medians,Types_of_Junction,Road_surface_conditions,Light_conditions,Type_of_collision,Number_of_vehicles_involved,Number_of_casualties,Vehicle_movement,Casualty_class,Casualty_severity,Pedestrian_movement,Cause_of_accident,Accident_severity,Hour
Thursday,Young_Adult,Male,Elementary,Employee,Beginner,Automobile,Unknown,No defect,Undivided_Two-way,No_junction,Not dry,Darkness,Vehicles,2,1,Forward,Unknown,0,No_pedestrian,Other,Serious Injury,20
Monday,Adult,Male,Middle,Employee,Advanced,Pick up,Moderate_Exp,No defect,Divided_Two-way,Y,Not dry,Daylight,Vehicles,1,1,Forward,Driver or rider,3,No_pedestrian,Other,Serious Injury,8
Monday,Young_Adult,Male,Elementary,Owner,Advanced,Pick up,Unknown,Unknown,Undivided_Two-way,Y,Not dry,Daylight,Vehicles,3,1,Other,Driver or rider,3,No_pedestrian,Driving_carelessly,Slight Injury,9
Monday,Young_Adult,Male,Middle,Employee,Expert,Automobile,Advanced_Exp,Unknown,Undivided_Two-way,Y,Not dry,Daylight,Vehicles,3,1,Forward,Unknown,0,No_pedestrian,Changing_lane,Slight Injury,9
Friday,Unknown,Female,Middle,Employee,Advanced,Automobile,Unknown,Unknown,Divided_Two-way,Y,Not dry,Darkness,Vehicles,2,1,Forward,Driver or rider,3,No_pedestrian,No_distance,Slight Injury,19
Friday,Older_Adult,Male,Middle,Employee,Beginner,Other,Unknown,Unknown,Divided_Two-way,Y,Not dry,Darkness,Vehicles,2,1,Backward,Driver or rider,3,No_pedestrian,Other,Slight Injury,19
Thursday,Adult,Male,Elementary,Employee,Advanced,Unknown,Valid_Recent_Exp,No defect,Divided_Two-way,Other,Not dry,Daylight,Vehicles,2,1,Backward,Passenger,3,No_pedestrian,Driving_carelessly,Slight Injury,9
Thursday,Young_Adult,Male,Elementary,Employee,Intermediate,Other,Advanced_Exp,Unknown,Undivided_Two-way,Other,Not dry,Daylight,Inanimated_Objects,2,1,Forward,Driver or rider,3,No_pedestrian,Changing_lane,Slight Injury,9
Thursday,Adult,Male,Middle,Employee,Beginner,Automobile,Advanced_Exp,Unknown,Undivided_Two-way,Y,Not dry,Daylight,Vehicles,2,2,Forward,Unknown,0,No_pedestrian,Driving_carelessly,Slight Injury,9
Thursday,Adult,Male,Middle,Employee,Beginner,Automobile,Advanced_Exp,Unknown,Undivided_Two-way,Y,Not dry,Daylight,Vehicles,2,2,Backward,Driver or rider,3,No_pedestrian,Other,Slight Injury,9
Thursday,Adult,Male,Middle,Employee,Advanced,Unknown,Unknown,No defect,Other,Y,Not dry,Daylight,Vehicles,2,2,Forward,Unknown,0,No_pedestrian,Driving_carelessly,Slight Injury,9
Saturday,Older_Adult,Male,Middle,Owner,Advanced,Public,Advanced_Exp,No defect,Undivided_Two-way,Crossing,Dry,Daylight,Vehicles,1,1,Backward,Driver or rider,3,No_pedestrian,Driving_carelessly,Slight Injury,15
Wednesday,Young_Adult,Male,Elementary,Employee,Beginner,Automobile,Unknown,Unknown,Divided_Two-way,Other,Dry,Daylight,Vehicles,3,2,Other,Driver or rider,3,No_pedestrian,Driving_carelessly,Slight Injury,11
Wednesday,Adult,Male,Middle,Employee,Unknown,Other,Unknown,No defect,Divided_Two-way,Other,Dry,Daylight,Vehicles,3,2,Unknown,Unknown,0,No_pedestrian,Changing_lane,Slight Injury,11
Wednesday,Young_Adult,Female,Elementary,Employee,Expert,Automobile,Unknown,No defect,Divided_Two-way,Other,Dry,Daylight,Vehicles,3,2,Forward,Unknown,0,No_pedestrian,Driving_carelessly,Slight Injury,11
Tuesday,Adult,Male,Middle,Owner,Beginner,Other,Unknown,No defect,Divided_Two-way,Crossing,Not dry,Darkness,Inanimated_Objects,2,2,Forward,Driver or rider,2,No_pedestrian,Changing_lane,Slight Injury,6
Tuesday,Young_Adult,Male,Unknown,Unknown,Unknown,Lorry,Unknown,No defect,Divided_Two-way,Crossing,Not dry,Darkness,Vehicles,2,2,Forward,Driver or rider,3,No_pedestrian,Changing_lane,Slight Injury,6
Wednesday,Adult,Male,Middle,Employee,Expert,Pick up,Advanced_Exp,No defect,Undivided_Two-way,Y,Not dry,Darkness,Vehicles,2,3,Forward,Unknown,0,No_pedestrian,Changing_lane,Slight Injury,21
Wednesday,Underage,Male,Elementary,Owner,Intermediate,Public,Advanced_Exp,No defect,Undivided_Two-way,Y,Not dry,Darkness,Vehicles,2,3,Forward,Unknown,0,No_pedestrian,Other,Slight Injury,21
Wednesday,Underage,Male,Middle,Employee,Advanced,Automobile,Advanced_Exp,No defect,Other,Y,Not dry,Darkness,Vehicles,2,3,Forward,Driver or rider,3,No_pedestrian,Driving_carelessly,Slight Injury,21
Thursday,Adult,Male,Middle,Employee,Beginner,Pick up,Advanced_Exp,No defect,Undivided_Two-way,No_junction,Dry,Darkness,Other,2,1,Forward,Unknown,0,No_pedestrian,No_distance,Slight Injury,17
Thursday,Underage,Male,Middle,Employee,Advanced,Automobile,Valid_Recent_Exp,No defect,Divided_Two-way,No_junction,Dry,Darkness,Vehicles,2,1,Forward,Unknown,0,No_pedestrian,Driving_carelessly,Slight Injury,17
Wednesday,Older_Adult,Male,Middle,Employee,Expert,Lorry,Advanced_Exp,No defect,Undivided_Two-way,Y,Dry,Daylight,Vehicles,2,2,Forward,Unknown,0,No_pedestrian,Changing_lane,Slight Injury,11
Wednesday,Adult,Male,Middle,Employee,Advanced,Automobile,Advanced_Exp,No defect,Undivided_Two-way,Y,Dry,Daylight,Inanimated_Objects,2,2,Forward,Passenger,3,No_pedestrian,Driving_carelessly,Slight Injury,11
Wednesday,Adult,Male,Elementary,Employee,Beginner,Lorry,Advanced_Exp,No defect,One-way,Y,Dry,Daylight,Vehicles,2,2,Forward,Driver or rider,2,No_pedestrian,Changing_lane,Slight Injury,11
Wednesday,Underage,Male,Middle,Employee,Unknown,Lorry,Advanced_Exp,No defect,Divided_Two-way,Other,Dry,Daylight,Vehicles,2,1,Forward,Driver or rider,3,No_pedestrian,No_distance,Slight Injury,8
Wednesday,Adult,Male,Elementary,Employee,Beginner,Lorry,Advanced_Exp,No defect,Undivided_Two-way,Other,Dry,Daylight,Vehicles,2,1,Forward,Unknown,0,No_pedestrian,Other,Slight Injury,8
Thursday,Young_Adult,Male,Middle,Owner,Beginner,Public,Unknown,No defect,Divided_Two-way,Crossing,Not dry,Daylight,Inanimated_Objects,2,1,Forward,Driver or rider,3,No_pedestrian,Other,Slight Injury,9
Thursday,Young_Adult,Male,Advanced,Owner,Beginner,Automobile,Valid_Recent_Exp,No defect,Other,Crossing,Not dry,Daylight,Inanimated_Objects,2,1,Forward,Unknown,0,No_pedestrian,No_distance,Slight Injury,9
Wednesday,Adult,Male,Middle,Owner,Advanced,Other,Advanced_Exp,No defect,Undivided_Two-way,Y,Dry,Darkness,Vehicles,2,2,Backward,Pedestrian,3,Pedestrian,No_distance,Slight Injury,19
Wednesday,Young_Adult,Male,Middle,Employee,Advanced,Other,Advanced_Exp,No defect,One-way,Y,Dry,Darkness,Vehicles,2,2,Forward,Pedestrian,3,No_pedestrian,No_distance,Slight Injury,19
Friday,Older_Adult,Male,Elementary,Employee,Advanced,Other,Valid_Recent_Exp,No defect,Undivided_Two-way,Y,Dry,Darkness,Inanimated_Objects,2,3,Forward,Pedestrian,3,Pedestrian,Driving_carelessly,Slight Injury,5
Friday,Young_Adult,Male,Middle,Owner,Beginner,Automobile,Moderate_Exp,No defect,Undivided_Two-way,Y,Dry,Darkness,Inanimated_Objects,2,3,Forward,Unknown,0,No_pedestrian,Driving_carelessly,Slight Injury,5
Friday,Young_Adult,Male,Middle,Employee,Expert,Other,Advanced_Exp,No defect,One-way,Y,Dry,Darkness,Vehicles,2,3,Unknown,Driver or rider,3,No_pedestrian,Changing_lane,Slight Injury,5
Monday,Underage,Male,Middle,Employee,Advanced,Lorry,Advanced_Exp,No defect,Undivided_Two-way,Y,Not dry,Daylight,Vehicles,2,1,Turn,Driver or rider,3,No_pedestrian,Changing_lane,Slight Injury,12
Monday,Young_Adult,Male,Middle,Employee,Beginner,Public,Valid_Recent_Exp,No defect,Divided_Two-way,Y,Not dry,Daylight,Vehicles,2,1,Forward,Unknown,0,No_pedestrian,Driving_carelessly,Slight Injury,12
Friday,Underage,Male,Middle,Employee,Expert,Lorry,Valid_Recent_Exp,No defect,Divided_Two-way,Y,Not dry,Darkness,Inanimated_Objects,2,1,Forward,Driver or rider,3,No_pedestrian,Driving_carelessly,Slight Injury,18
Friday,Adult,Male,Middle,Employee,Advanced,Public,Moderate_Exp,No defect,Other,Y,Not dry,Darkness,Vehicles,2,1,Forward,Unknown,0,No_pedestrian,No_distance,Slight Injury,18
Saturday,Underage,Male,Middle,Owner,Expert,Lorry,Unknown,No defect,One-way,No_junction,Dry,Darkness,Vehicles,6,1,Forward,Driver or rider,3,No_pedestrian,Other,Slight Injury,22
Saturday,Unknown,Female,Middle,Employee,Advanced,Other,Unknown,No defect,Divided_Two-way,No_junction,Dry,Darkness,Vehicles,6,1,Forward,Unknown,0,No_pedestrian,Changing_lane,Slight Injury,22
Saturday,Unknown,Female,Middle,Employee,Beginner,Lorry,Unknown,No defect,One-way,No_junction,Dry,Darkness,Other,6,1,Forward,Driver or rider,3,No_pedestrian,Changing_lane,Slight Injury,22
Saturday,Unknown,Female,Middle,Employee,Beginner,Unknown,Unknown,No defect,One-way,No_junction,Dry,Darkness,Vehicles,6,1,Forward,Unknown,0,No_pedestrian,No_distance,Slight Injury,22
Thursday,Young_Adult,Male,Middle,Employee,Beginner,Public,Unknown,No defect,One-way,Y,Dry,Darkness,Vehicles,2,1,Forward,Pedestrian,3,No_pedestrian,No_distance,Slight Injury,2
Thursday,Young_Adult,Male,Middle,Employee,Intermediate,Lorry,Unknown,No defect,Divided_Two-way,Y,Dry,Darkness,Animated_Objects,2,1,Forward,Pedestrian,2,No_pedestrian,Other,Slight Injury,2
Friday,Older_Adult,Male,Middle,Owner,Expert,Other,Unknown,No defect,Unknown,Y,Dry,Daylight,Vehicles,2,1,Turn,Driver or rider,3,No_pedestrian,Driving_carelessly,Slight Injury,13
Friday,Adult,Male,Elementary,Employee,Intermediate,Other,Unknown,Unknown,One-way,Y,Dry,Daylight,Vehicles,2,1,Unknown,Driver or rider,3,No_pedestrian,Driving_carelessly,Slight Injury,13
Wednesday,Older_Adult,Male,Middle,Employee,Expert,Automobile,Unknown,Unknown,Undivided_Two-way,Y,Dry,Daylight,Vehicles,2,1,Backward,Driver or rider,3,No_pedestrian,Driving_carelessly,Slight Injury,7
Wednesday,Young_Adult,Male,Middle,Employee,Intermediate,Lorry,Unknown,Unknown,Unknown,Y,Dry,Daylight,Vehicles,2,1,Other,Unknown,0,No_pedestrian,Driving_carelessly,Slight Injury,7
Tuesday,Young_Adult,Male,Middle,Unknown,Unknown,Pick up,Moderate_Exp,No defect,Divided_Two-way,Crossing,Not dry,Darkness,Inanimated_Objects,2,2,Forward,Unknown,0,No_pedestrian,Other,Slight Injury,18
Tuesday,Young_Adult,Male,Middle,Employee,Beginner,Automobile,Advanced_Exp,Unknown,Divided_Two-way,Crossing,Not dry,Darkness,Vehicles,2,2,Forward,Driver or rider,3,No_pedestrian,Other,Slight Injury,18
Tuesday,Young_Adult,Male,Middle,Owner,Advanced,Unknown,Advanced_Exp,Unknown,Divided_Two-way,Crossing,Not dry,Darkness,Vehicles,2,2,Turn,Pedestrian,3,Pedestrian,Other,Slight Injury,18
Tuesday,Underage,Male,Middle,Employee,Beginner,Other,Unknown,Unknown,Divided_Two-way,Y,Not dry,Daylight,Vehicles,1,1,Other,Pedestrian,3,Pedestrian,No_distance,Slight Injury,16
Saturday,Unknown,Female,Middle,Employee,Expert,Automobile,Moderate_Exp,Unknown,Undivided_Two-way,Y,Not dry,Darkness,Vehicles,2,1,Forward,Pedestrian,3,Pedestrian,Other,Serious Injury,23
Saturday,Young_Adult,Male,Middle,Employee,Beginner,Automobile,Moderate_Exp,Unknown,Undivided_Two-way,Y,Not dry,Darkness,Inanimated_Objects,2,1,Forward,Pedestrian,3,No_pedestrian,Driving_carelessly,Serious Injury,23
Thursday,Adult,Male,Middle,Employee,Beginner,Other,Moderate_Exp,Unknown,Divided_Two-way,No_junction,Dry,Darkness,Vehicles,2,1,Other,Pedestrian,3,No_pedestrian,Driving_carelessly,Slight Injury,17
Thursday,Adult,Male,Middle,Employee,Intermediate,Unknown,Advanced_Exp,No defect,Divided_Two-way,No_junction,Dry,Darkness,Inanimated_Objects,2,1,Forward,Driver or rider,3,No_pedestrian,No_distance,Slight Injury,17
Sunday,Young_Adult,Male,Middle,Employee,Beginner,Other,Unknown,Unknown,Divided_Two-way,Crossing,Dry,Darkness,Vehicles,2,3,Turn,Unknown,0,No_pedestrian,Other,Slight Injury,2
Sunday,Adult,Male,Middle,Employee,Beginner,Unknown,Unknown,No defect,Undivided_Two-way,Crossing,Dry,Darkness,Other,2,3,Forward,Driver or rider,3,No_pedestrian,Changing_lane,Slight Injury,2
Sunday,Adult,Male,Elementary,Employee,Expert,Other,Unknown,No defect,One-way,Crossing,Dry,Darkness,Vehicles,2,3,Turn,Passenger,3,No_pedestrian,No_distance,Slight Injury,2
Saturday,Adult,Male,Middle,Employee,Expert,Lorry,Unknown,Unknown,Divided_Two-way,Y,Dry,Daylight,Vehicles,2,1,Forward,Driver or rider,3,No_pedestrian,Driving_carelessly,Slight Injury,16
Saturday,Young_Adult,Male,Elementary,Employee,Expert,Lorry,Moderate_Exp,Unknown,Undivided_Two-way,Y,Dry,Daylight,Vehicles,2,1,Backward,Passenger,3,No_pedestrian,No_distance,Slight Injury,16
Sunday,Underage,Male,Middle,Employee,Expert,Lorry,Unknown,Unknown,Other,Y,Dry,Daylight,Vehicles,2,1,Unknown,Passenger,3,No_pedestrian,Driving_carelessly,Slight Injury,9
Sunday,Adult,Male,Middle,Employee,Beginner,Automobile,Unknown,Unknown,Undivided_Two-way,Y,Dry,Daylight,Vehicles,2,1,Forward,Driver or rider,3,No_pedestrian,Changing_lane,Slight Injury,9
Wednesday,Older_Adult,Male,Middle,Employee,Advanced,Lorry,Unknown,Unknown,Undivided_Two-way,Unknown,Dry,Daylight,Animated_Objects,1,1,Forward,Driver or rider,3,No_pedestrian,Driving_carelessly,Serious Injury,16
Wednesday,Young_Adult,Male,Middle,Owner,Intermediate,Automobile,Unknown,Unknown,Undivided_Two-way,Y,Dry,Darkness,Other,1,1,Backward,Unknown,0,No_pedestrian,Driving_carelessly,Slight Injury,6
Friday,Young_Adult,Male,Middle,Employee,Intermediate,Automobile,Unknown,Unknown,One-way,No_junction,Dry,Daylight,Vehicles,1,1,Backward,Pedestrian,3,Pedestrian,Changing_lane,Slight Injury,15
Tuesday,Adult,Male,Middle,Employee,Advanced,Pick up,Unknown,Unknown,Undivided_Two-way,Y,Dry,Daylight,Other,2,1,Backward,Driver or rider,3,No_pedestrian,Other,Fatal injury,16
Tuesday,Older_Adult,Male,Middle,Employee,Advanced,Automobile,Unknown,No defect,Undivided_Two-way,Y,Dry,Daylight,Vehicles,2,1,Forward,Unknown,0,No_pedestrian,Other,Fatal injury,16
Monday,Adult,Male,Middle,Employee,Intermediate,Unknown,Unknown,Unknown,One-way,Y,Not dry,Daylight,Vehicles,2,1,Forward,Unknown,0,No_pedestrian,Driving_carelessly,Slight Injury,7
Monday,Adult,Male,Middle,Employee,Expert,Automobile,Unknown,No defect,Divided_Two-way,Y,Not dry,Daylight,Vehicles,2,1,Forward,Driver or rider,3,No_pedestrian,Other,Slight Injury,7
Sunday,Unknown,Female,Elementary,Employee,Advanced,Unknown,Unknown,Unknown,Other,Crossing,Not dry,Daylight,Other,2,3,Forward,Pedestrian,2,Pedestrian,Driving_carelessly,Slight Injury,16
Sunday,Young_Adult,Male,Middle,Employee,Expert,Lorry,Moderate_Exp,Unknown,Undivided_Two-way,Crossing,Not dry,Daylight,Vehicles,2,3,Backward,Unknown,0,No_pedestrian,Driving_carelessly,Slight Injury,16
Sunday,Young_Adult,Male,Elementary,Employee,Intermediate,Public,Valid_Recent_Exp,No defect,Other,Crossing,Not dry,Daylight,Inanimated_Objects,2,3,Forward,Driver or rider,3,No_pedestrian,Driving_carelessly,Slight Injury,16
Sunday,Young_Adult,Male,Middle,Employee,Intermediate,Pick up,Advanced_Exp,No defect,Other,Crossing,Not dry,Daylight,Vehicles,2,3,Backward,Unknown,0,No_pedestrian,Changing_lane,Slight Injury,16
Friday,Older_Adult,Male,Middle,Employee,Intermediate,Unknown,Unknown,No defect,Other,Other,Not dry,Daylight,Vehicles,3,1,Backward,Driver or rider,3,No_pedestrian,Other,Slight Injury,10
Friday,Young_Adult,Male,Middle,Employee,Beginner,Other,Unknown,Unknown,Other,Other,Not dry,Daylight,Vehicles,3,1,Forward,Unknown,0,No_pedestrian,Driving_carelessly,Slight Injury,10
Friday,Unknown,Female,Middle,Employee,Advanced,Lorry,Advanced_Exp,Unknown,One-way,Other,Not dry,Daylight,Animated_Objects,3,1,Other,Driver or rider,3,No_pedestrian,Changing_lane,Slight Injury,10
Thursday,Adult,Male,Elementary,Employee,Intermediate,Automobile,Unknown,No defect,Divided_Two-way,Y,Dry,Darkness,Vehicles,1,1,Forward,Unknown,0,No_pedestrian,Driving_carelessly,Slight Injury,19
Friday,Young_Adult,Male,Middle,Employee,Beginner,Pick up,Moderate_Exp,No defect,Other,Crossing,Dry,Daylight,Vehicles,2,1,Other,Driver or rider,3,No_pedestrian,Driving_carelessly,Slight Injury,14
Friday,Young_Adult,Male,Elementary,Employee,Beginner,Lorry,Unknown,No defect,Undivided_Two-way,Crossing,Dry,Daylight,Vehicles,2,1,Forward,Unknown,0,No_pedestrian,Driving_carelessly,Slight Injury,14
Tuesday,Young_Adult,Male,Middle,Employee,Unknown,Lorry,Unknown,No defect,Divided_Two-way,Y,Dry,Daylight,Other,2,1,Backward,Driver or rider,3,No_pedestrian,Changing_lane,Slight Injury,17
Tuesday,Adult,Male,Middle,Owner,Advanced,Lorry,Unknown,No defect,Divided_Two-way,Y,Dry,Daylight,Inanimated_Objects,2,1,Unknown,Unknown,0,No_pedestrian,Changing_lane,Slight Injury,17
Wednesday,Young_Adult,Male,Middle,Employee,Beginner,Public,Advanced_Exp,No defect,Divided_Two-way,No_junction,Dry,Daylight,Vehicles,1,1,Forward,Unknown,0,No_pedestrian,Driving_carelessly,Slight Injury,17
Wednesday,Older_Adult,Male,Middle,Employee,Intermediate,Public,Unknown,No defect,Unknown,Y,Dry,Daylight,Vehicles,3,1,Forward,Pedestrian,3,Pedestrian,Other,Serious Injury,15
Wednesday,Adult,Male,Middle,Employee,Advanced,Automobile,Unknown,No defect,Undivided_Two-way,Y,Dry,Daylight,Inanimated_Objects,3,1,Forward,Pedestrian,3,Pedestrian,Changing_lane,Serious Injury,15
Wednesday,Adult,Male,Unknown,Unknown,Unknown,Automobile,Unknown,No defect,Divided_Two-way,Y,Dry,Daylight,Vehicles,3,1,Forward,Driver or rider,3,No_pedestrian,No_distance,Serious Injury,15
Tuesday,Adult,Male,Unknown,Unknown,Unknown,Automobile,Unknown,No defect,Divided_Two-way,Y,Not dry,Daylight,Vehicles,1,1,Forward,Unknown,0,No_pedestrian,Other,Slight Injury,13
Saturday,Older_Adult,Male,Middle,Employee,Intermediate,Other,Advanced_Exp,No defect,Divided_Two-way,Y,Dry,Daylight,Vehicles,1,1,Forward,Driver or rider,3,No_pedestrian,Changing_lane,Slight Injury,18
Saturday,Older_Adult,Male,Middle,Employee,Expert,Public,Valid_Recent_Exp,No defect,Divided_Two-way,Crossing,Dry,Daylight,Other,2,2,Other,Unknown,0,No_pedestrian,Changing_lane,Slight Injury,16
Saturday,Young_Adult,Male,Middle,Owner,Expert,Automobile,Advanced_Exp,No defect,Divided_Two-way,Crossing,Dry,Daylight,Other,2,2,Forward,Pedestrian,3,Pedestrian,Other,Slight Injury,16
Saturday,Young_Adult,Male,Unknown,Unknown,Unknown,Automobile,Valid_Recent_Exp,No defect,Undivided_Two-way,No_junction,Dry,Daylight,Animated_Objects,2,1,Forward,Driver or rider,3,No_pedestrian,Other,Slight Injury,12
Saturday,Young_Adult,Male,Elementary,Owner,Expert,Automobile,Advanced_Exp,No defect,Divided_Two-way,No_junction,Dry,Daylight,Vehicles,2,1,Forward,Unknown,0,No_pedestrian,Other,Slight Injury,12
Monday,Young_Adult,Male,Unknown,Unknown,Unknown,Automobile,Unknown,No defect,Undivided_Two-way,Crossing,Dry,Darkness,Vehicles,2,2,Forward,Unknown,0,No_pedestrian,Other,Slight Injury,23
Monday,Adult,Male,Middle,Owner,Advanced,Automobile,Valid_Recent_Exp,No defect,Undivided_Two-way,Crossing,Dry,Darkness,Vehicles,2,2,Backward,Driver or rider,2,No_pedestrian,Driving_carelessly,Slight Injury,23
Monday,Adult,Male,Middle,Owner,Expert,Unknown,Valid_Recent_Exp,No defect,Undivided_Two-way,Crossing,Dry,Darkness,Animated_Objects,2,2,Forward,Passenger,3,No_pedestrian,Other,Slight Injury,23
Tuesday,Older_Adult,Male,Middle,Owner,Expert,Unknown,Unknown,No defect,Undivided_Two-way,No_junction,Dry,Daylight,Animated_Objects,1,1,Forward,Driver or rider,3,No_pedestrian,Other,Slight Injury,17
Monday,Young_Adult,Male,Unknown,Unknown,Unknown,Pick up,Unknown,No defect,Undivided_Two-way,Y,Not dry,Daylight,Vehicles,2,1,Other,Unknown,0,No_pedestrian,Driving_carelessly,Slight Injury,17
Monday,Young_Adult,Male,Elementary,Employee,Advanced,Other,Advanced_Exp,No defect,Divided_Two-way,Y,Not dry,Daylight,Vehicles,2,1,Forward,Driver or rider,3,No_pedestrian,Driving_carelessly,Slight Injury,17
Sunday,Adult,Male,Elementary,Owner,Expert,Pick up,Unknown,Unknown,Divided_Two-way,Y,Dry,Darkness,Vehicles,2,1,Forward,Unknown,0,No_pedestrian,Changing_lane,Slight Injury,19
Sunday,Older_Adult,Male,Middle,Owner,Beginner,Other,Unknown,Unknown,Divided_Two-way,Y,Dry,Darkness,Inanimated_Objects,2,1,Forward,Driver or rider,3,No_pedestrian,Changing_lane,Slight Injury,19
Thursday,Underage,Male,Middle,Owner,Intermediate,Automobile,Unknown,Unknown,Undivided_Two-way,Y,Dry,Daylight,Vehicles,2,1,Turn,Unknown,0,No_pedestrian,Changing_lane,Slight Injury,19
Thursday,Adult,Male,Middle,Owner,Intermediate,Pick up,Unknown,Unknown,Divided_Two-way,Y,Dry,Daylight,Inanimated_Objects,2,1,Forward,Unknown,0,No_pedestrian,Other,Slight Injury,19
Tuesday,Adult,Male,Middle,Owner,Advanced,Lorry,Unknown,Unknown,Divided_Two-way,Y,Dry,Daylight,Vehicles,3,3,Forward,Driver or rider,3,No_pedestrian,Changing_lane,Serious Injury,16
Tuesday,Underage,Male,Middle,Owner,Unknown,Lorry,Advanced_Exp,Unknown,Undivided_Two-way,Y,Dry,Daylight,Vehicles,3,3,Backward,Driver or rider,3,No_pedestrian,Other,Serious Injury,16
Tuesday,Underage,Male,Middle,Employee,Expert,Automobile,Advanced_Exp,Unknown,Other,Y,Dry,Daylight,Inanimated_Objects,3,3,Other,Unknown,0,No_pedestrian,Driving_carelessly,Serious Injury,16
Tuesday,Underage,Male,Elementary,Owner,Intermediate,Automobile,Advanced_Exp,No defect,Other,Y,Dry,Daylight,Vehicles,3,3,Forward,Unknown,0,No_pedestrian,Other,Serious Injury,16
Sunday,Adult,Male,Middle,Employee,Advanced,Pick up,Unknown,Unknown,Divided_Two-way,Y,Dry,Daylight,Vehicles,1,1,Forward,Driver or rider,3,No_pedestrian,No_distance,Slight Injury,12
Sunday,Adult,Male,Middle,Employee,Beginner,Pick up,Advanced_Exp,No defect,Divided_Two-way,Y,Dry,Daylight,Inanimated_Objects,3,2,Backward,Passenger,3,No_pedestrian,Other,Slight Injury,18
Sunday,Adult,Male,Middle,Employee,Advanced,Lorry,Advanced_Exp,No defect,Other,Y,Dry,Daylight,Inanimated_Objects,3,2,Backward,Unknown,0,No_pedestrian,Driving_carelessly,Slight Injury,18
Sunday,Young_Adult,Male,Middle,Employee,Expert,Public,Advanced_Exp,No defect,Undivided_Two-way,Y,Dry,Daylight,Vehicles,3,2,Forward,Driver or rider,3,No_pedestrian,Changing_lane,Slight Injury,18
Thursday,Young_Adult,Male,Middle,Employee,Advanced,Other,Advanced_Exp,No defect,Other,Other,Dry,Daylight,Vehicles,2,1,Forward,Passenger,3,No_pedestrian,Other,Slight Injury,16
Thursday,Young_Adult,Male,Elementary,Employee,Beginner,Automobile,Unknown,No defect,Divided_Two-way,Other,Dry,Daylight,Vehicles,2,1,Backward,Pedestrian,3,No_pedestrian,No_distance,Slight Injury,16
Saturday,Young_Adult,Male,Middle,Employee,Unknown,Automobile,Unknown,No defect,Divided_Two-way,Crossing,Dry,Darkness,Vehicles,3,3,Forward,Unknown,0,No_pedestrian,Driving_carelessly,Slight Injury,0
Saturday,Young_Adult,Male,Advanced,Employee,Beginner,Automobile,Unknown,No defect,Divided_Two-way,Crossing,Dry,Darkness,Vehicles,3,3,Forward,Driver or rider,3,No_pedestrian,No_distance,Slight Injury,0
Saturday,Young_Adult,Male,Middle,Employee,Expert,Lorry,Unknown,No defect,Divided_Two-way,Crossing,Dry,Darkness,Vehicles,3,3,Forward,Driver or rider,3,No_pedestrian,Other,Slight Injury,0
Saturday,Young_Adult,Male,Middle,Employee,Beginner,Automobile,Advanced_Exp,No defect,Divided_Two-way,Crossing,Dry,Darkness,Vehicles,3,3,Forward,Unknown,0,No_pedestrian,No_distance,Slight Injury,0
Saturday,Young_Adult,Male,Middle,Employee,Advanced,Lorry,Advanced_Exp,No defect,Undivided_Two-way,Crossing,Dry,Darkness,Vehicles,3,3,Forward,Unknown,0,No_pedestrian,Other,Slight Injury,0
Wednesday,Young_Adult,Male,Middle,Employee,Intermediate,Public,Advanced_Exp,No defect,Undivided_Two-way,No_junction,Dry,Daylight,Vehicles,2,3,Forward,Driver or rider,3,No_pedestrian,Driving_carelessly,Slight Injury,15
Wednesday,Adult,Male,Unknown,Unknown,Unknown,Automobile,Advanced_Exp,No defect,One-way,No_junction,Dry,Daylight,Vehicles,2,3,Unknown,Passenger,3,No_pedestrian,Changing_lane,Slight Injury,15
Wednesday,Adult,Male,Middle,Employee,Intermediate,Automobile,Unknown,Unknown,Divided_Two-way,No_junction,Dry,Daylight,Vehicles,2,3,Forward,Passenger,3,No_pedestrian,No_distance,Slight Injury,15
Wednesday,Adult,Male,Middle,Employee,Intermediate,Automobile,Advanced_Exp,No defect,Unknown,No_junction,Dry,Daylight,Vehicles,2,3,Backward,Driver or rider,3,No_pedestrian,Other,Slight Injury,15
Sunday,Adult,Male,Middle,Employee,Expert,Unknown,Valid_Recent_Exp,Unknown,Undivided_Two-way,Y,Dry,Daylight,Vehicles,2,1,Forward,Driver or rider,3,No_pedestrian,No_distance,Slight Injury,15
Sunday,Older_Adult,Male,Middle,Employee,Beginner,Lorry,Unknown,Unknown,Divided_Two-way,Y,Dry,Daylight,Vehicles,2,1,Forward,Passenger,3,No_pedestrian,Driving_carelessly,Slight Injury,15
Sunday,Young_Adult,Male,Advanced,Owner,Beginner,Lorry,Advanced_Exp,Unknown,Undivided_Two-way,Y,Dry,Daylight,Vehicles,2,1,Forward,Driver or rider,2,No_pedestrian,Other,Slight Injury,9
Sunday,Older_Adult,Male,Advanced,Employee,Unknown,Automobile,Moderate_Exp,No defect,Other,Y,Dry,Daylight,Vehicles,2,1,Forward,Unknown,0,No_pedestrian,Driving_carelessly,Slight Injury,9
Sunday,Older_Adult,Male,Middle,Employee,Beginner,Automobile,Advanced_Exp,Unknown,Divided_Two-way,Crossing,Dry,Daylight,Vehicles,2,2,Forward,Driver or rider,3,No_pedestrian,No_distance,Slight Injury,15