Day_of_week,Age_band_of_driver,Sex_of_driver,Educational_level,Vehicle_driver_relation,Driving_experience,Type_of_vehicle,Service_year_of_vehicle,Defect_of_vehicle,Lanes_or_Medians,Types_of_Junction,Road_surface_conditions,Light_conditions,Type_of_collision,Number_of_vehicles_involved,Number_of_casualties,Vehicle_movement,Casualty_class,Casualty_severity,Pedestrian_movement,Cause_of_accident,Accident_severity,Hour
Thursday,Young_Adult,Male,Middle,Employee,Expert,Lorry,Advanced_Exp,No defect,Other,Y,Not dry,Darkness,Vehicles,2,2,Backward,Driver or rider,3,No_pedestrian,Driving_carelessly,Slight Injury,21
Friday,Adult,Male,Middle,Owner,Expert,Public,Advanced_Exp,No defect,Undivided_Two-way,No_junction,Dry,Daylight,Vehicles,3,3,Forward,Passenger,3,No_pedestrian,Other,Slight Injury,16
Friday,Adult,Male,Unknown,Unknown,Unknown,Other,Advanced_Exp,No defect,Other,No_junction,Dry,Daylight,Vehicles,3,3,Forward,Passenger,3,No_pedestrian,No_distance,Slight Injury,16
Friday,Adult,Male,Elementary,Owner,Expert,Automobile,Unknown,No defect,Divided_Two-way,No_junction,Dry,Daylight,Inanimated_Objects,3,3,Backward,Driver or rider,3,No_pedestrian,Changing_lane,Slight Injury,16
Friday,Unknown,Female,Middle,Employee,Expert,Automobile,Unknown,No defect,Divided_Two-way,No_junction,Dry,Daylight,Other,3,3,Forward,Pedestrian,2,Pedestrian,Driving_carelessly,Slight Injury,16
Friday,Unknown,Female,Elementary,Owner,Intermediate,Automobile,Unknown,No defect,Divided_Two-way,No_junction,Dry,Daylight,Vehicles,3,3,Forward,Unknown,0,No_pedestrian,Other,Slight Injury,16
Monday,Young_Adult,Male,Middle,Employee,Advanced,Lorry,Unknown,No defect,Divided_Two-way,No_junction,Dry,Darkness,Vehicles,2,2,Forward,Driver or rider,3,No_pedestrian,Other,Slight Injury,20
Monday,Young_Adult,Male,Middle,Employee,Beginner,Automobile,Advanced_Exp,No defect,Divided_Two-way,No_junction,Dry,Darkness,Vehicles,2,2,Forward,Unknown,0,No_pedestrian,No_distance,Slight Injury,20
Monday,Young_Adult,Male,Middle,Employee,Advanced,Lorry,Advanced_Exp,No defect,Undivided_Two-way,No_junction,Dry,Darkness,Vehicles,2,2,Forward,Driver or rider,3,No_pedestrian,Changing_lane,Slight Injury,20
Tuesday,Adult,Male,Middle,Employee,Expert,Public,Advanced_Exp,No defect,Undivided_Two-way,Y,Dry,Daylight,Vehicles,1,1,Forward,Unknown,0,No_pedestrian,Changing_lane,Slight Injury,15
Thursday,Adult,Male,Middle,Employee,Advanced,Automobile,Advanced_Exp,No defect,One-way,No_junction,Not dry,Darkness,Inanimated_Objects,2,1,Unknown,Driver or rider,3,No_pedestrian,Other,Slight Injury,20
Thursday,Adult,Male,Elementary,Employee,Beginner,Automobile,Unknown,Unknown,Divided_Two-way,No_junction,Not dry,Darkness,Inanimated_Objects,2,1,Forward,Unknown,0,No_pedestrian,Driving_carelessly,Slight Injury,20
Sunday,Adult,Male,Middle,Employee,Unknown,Automobile,Advanced_Exp,No defect,Unknown,Crossing,Not dry,Daylight,Vehicles,2,2,Backward,Passenger,3,No_pedestrian,Other,Slight Injury,13
Sunday,Adult,Male,Advanced,Employee,Beginner,Unknown,Valid_Recent_Exp,Unknown,Undivided_Two-way,Crossing,Not dry,Daylight,Inanimated_Objects,2,2,Forward,Unknown,0,No_pedestrian,No_distance,Slight Injury,13
Sunday,Adult,Male,Middle,Employee,Expert,Lorry,Unknown,Unknown,Divided_Two-way,Crossing,Not dry,Daylight,Vehicles,2,2,Forward,Driver or rider,3,No_pedestrian,No_distance,Slight Injury,13
Tuesday,Adult,Male,Middle,Employee,Beginner,Lorry,Advanced_Exp,Unknown,Undivided_Two-way,Crossing,Dry,Daylight,Vehicles,2,1,Forward,Unknown,0,No_pedestrian,Driving_carelessly,Slight Injury,16
Tuesday,Adult,Male,Middle,Employee,Advanced,Automobile,Moderate_Exp,No defect,Other,Crossing,Dry,Daylight,Vehicles,2,1,Forward,Driver or rider,3,No_pedestrian,Other,Slight Injury,16
Monday,Adult,Male,Middle,Employee,Intermediate,Automobile,Advanced_Exp,Unknown,Divided_Two-way,No_junction,Dry,Daylight,Vehicles,1,1,Forward,Driver or rider,3,No_pedestrian,Driving_carelessly,Serious Injury,15
Wednesday,Young_Adult,Male,Unknown,Unknown,Unknown,Public,Valid_Recent_Exp,No defect,One-way,No_junction,Dry,Daylight,Vehicles,1,1,Forward,Unknown,0,No_pedestrian,Driving_carelessly,Slight Injury,17
Tuesday,Young_Adult,Male,Middle,Employee,Intermediate,Public,Advanced_Exp,Unknown,One-way,No_junction,Dry,Darkness,Vehicles,3,3,Other,Driver or rider,3,No_pedestrian,Driving_carelessly,Slight Injury,18
Tuesday,Young_Adult,Male,Middle,Employee,Intermediate,Automobile,Advanced_Exp,No defect,Divided_Two-way,No_junction,Dry,Darkness,Animated_Objects,3,3,Backward,Passenger,3,No_pedestrian,No_distance,Slight Injury,18
Tuesday,Adult,Male,Middle,Employee,Expert,Public,Advanced_Exp,No defect,Divided_Two-way,No_junction,Dry,Darkness,Vehicles,3,3,Other,Unknown,0,No_pedestrian,Other,Slight Injury,18
Tuesday,Older_Adult,Male,Middle,Employee,Beginner,Public,Moderate_Exp,No defect,Divided_Two-way,No_junction,Dry,Darkness,Inanimated_Objects,3,3,Forward,Unknown,0,No_pedestrian,Changing_lane,Slight Injury,18
Saturday,Adult,Male,Advanced,Owner,Beginner,Lorry,Unknown,No defect,Divided_Two-way,No_junction,Dry,Darkness,Vehicles,2,1,Forward,Driver or rider,3,No_pedestrian,Driving_carelessly,Slight Injury,18
Saturday,Adult,Male,Advanced,Employee,Unknown,Automobile,Moderate_Exp,No defect,Divided_Two-way,No_junction,Dry,Darkness,Inanimated_Objects,2,1,Forward,Driver or rider,2,No_pedestrian,Changing_lane,Slight Injury,18
Friday,Young_Adult,Male,Middle,Employee,Beginner,Lorry,Moderate_Exp,No defect,One-way,Y,Dry,Daylight,Vehicles,2,1,Other,Unknown,0,No_pedestrian,No_distance,Slight Injury,12
Friday,Young_Adult,Male,Middle,Employee,Advanced,Unknown,Valid_Recent_Exp,No defect,Undivided_Two-way,Y,Dry,Daylight,Vehicles,2,1,Forward,Driver or rider,3,No_pedestrian,Changing_lane,Slight Injury,12
Monday,Young_Adult,Male,Middle,Employee,Expert,Automobile,Advanced_Exp,Unknown,Other,Y,Dry,Daylight,Animated_Objects,3,4,Unknown,Unknown,0,No_pedestrian,Other,Serious Injury,15
Monday,Young_Adult,Male,Middle,Employee,Expert,Automobile,Advanced_Exp,Unknown,Divided_Two-way,Y,Dry,Daylight,Vehicles,3,4,Forward,Unknown,0,No_pedestrian,No_distance,Serious Injury,15
Monday,Older_Adult,Male,Middle,Owner,Advanced,Unknown,Unknown,No defect,Undivided_Two-way,Y,Dry,Daylight,Vehicles,3,4,Forward,Driver or rider,3,No_pedestrian,Other,Serious Injury,15
Monday,Older_Adult,Male,Elementary,Employee,Intermediate,Unknown,Unknown,No defect,Undivided_Two-way,Y,Dry,Daylight,Vehicles,3,4,Forward,Driver or rider,3,No_pedestrian,No_distance,Serious Injury,15
Thursday,Young_Adult,Male,Middle,Employee,Intermediate,Automobile,Valid_Recent_Exp,No defect,Undivided_Two-way,Crossing,Dry,Daylight,Vehicles,1,1,Forward,Unknown,0,No_pedestrian,Changing_lane,Slight Injury,8
Wednesday,Adult,Male,Middle,Employee,Beginner,Automobile,Unknown,No defect,Undivided_Two-way,No_junction,Dry,Daylight,Animated_Objects,1,1,Backward,Driver or rider,3,No_pedestrian,Driving_carelessly,Serious Injury,16
Saturday,Young_Adult,Male,Middle,Employee,Intermediate,Automobile,Unknown,No defect,Divided_Two-way,Crossing,Not dry,Darkness,Vehicles,2,1,Backward,Unknown,0,No_pedestrian,Changing_lane,Slight Injury,19
Saturday,Young_Adult,Male,Middle,Employee,Intermediate,Other,Unknown,No defect,One-way,Crossing,Not dry,Darkness,Vehicles,2,1,Forward,Passenger,3,No_pedestrian,Changing_lane,Slight Injury,19
Monday,Young_Adult,Male,Elementary,Employee,Advanced,Other,Unknown,No defect,Divided_Two-way,Y,Not dry,Daylight,Vehicles,2,1,Forward,Pedestrian,3,Pedestrian,No_distance,Slight Injury,8
Monday,Adult,Male,Middle,Employee,Expert,Automobile,Unknown,No defect,One-way,Y,Not dry,Daylight,Vehicles,2,1,Turn,Driver or rider,3,No_pedestrian,Driving_carelessly,Slight Injury,8
Saturday,Young_Adult,Male,Unknown,Unknown,Unknown,Lorry,Unknown,No defect,Divided_Two-way,Y,Dry,Daylight,Inanimated_Objects,2,1,Forward,Driver or rider,3,No_pedestrian,Driving_carelessly,Slight Injury,17
Saturday,Adult,Male,Middle,Employee,Intermediate,Lorry,Valid_Recent_Exp,No defect,Divided_Two-way,Y,Dry,Daylight,Vehicles,2,1,Forward,Passenger,3,No_pedestrian,No_distance,Slight Injury,17
Tuesday,Young_Adult,Male,Middle,Employee,Advanced,Lorry,Moderate_Exp,No defect,Divided_Two-way,Y,Not dry,Darkness,Vehicles,1,1,Forward,Unknown,0,No_pedestrian,Driving_carelessly,Serious Injury,20
Saturday,Adult,Male,Advanced,Employee,Intermediate,Automobile,Moderate_Exp,No defect,Divided_Two-way,Y,Dry,Daylight,Vehicles,2,1,Forward,Driver or rider,3,No_pedestrian,Driving_carelessly,Slight Injury,14
Saturday,Young_Adult,Male,Unknown,Unknown,Unknown,Automobile,Valid_Recent_Exp,Unknown,Undivided_Two-way,Y,Dry,Daylight,Vehicles,2,1,Forward,Unknown,0,No_pedestrian,Other,Slight Injury,14
Friday,Older_Adult,Male,Unknown,Employee,Beginner,Public,Unknown,No defect,One-way,Other,Dry,Daylight,Inanimated_Objects,1,1,Forward,Unknown,0,No_pedestrian,Other,Slight Injury,14
Tuesday,Older_Adult,Male,Middle,Employee,Intermediate,Public,Moderate_Exp,Unknown,One-way,Y,Dry,Daylight,Vehicles,2,1,Forward,Driver or rider,3,No_pedestrian,Driving_carelessly,Serious Injury,16
Tuesday,Older_Adult,Male,Middle,Employee,Expert,Lorry,Advanced_Exp,No defect,Divided_Two-way,Y,Dry,Daylight,Vehicles,2,1,Forward,Unknown,0,No_pedestrian,Driving_carelessly,Serious Injury,16
Saturday,Adult,Male,Middle,Employee,Beginner,Lorry,Moderate_Exp,Unknown,Undivided_Two-way,Y,Dry,Daylight,Vehicles,2,2,Unknown,Driver or rider,3,No_pedestrian,Changing_lane,Slight Injury,13
Saturday,Adult,Male,Middle,Employee,Intermediate,Public,Unknown,Unknown,Divided_Two-way,Y,Dry,Daylight,Vehicles,2,2,Other,Unknown,0,No_pedestrian,Driving_carelessly,Slight Injury,13
Saturday,Young_Adult,Male,Middle,Employee,Beginner,Other,Unknown,No defect,Undivided_Two-way,Y,Dry,Daylight,Vehicles,2,2,Stop,Driver or rider,3,No_pedestrian,No_distance,Slight Injury,13
Monday,Adult,Male,Middle,Employee,Advanced,Lorry,Valid_Recent_Exp,No defect,Divided_Two-way,Y,Dry,Daylight,Vehicles,2,1,Forward,Driver or rider,3,No_pedestrian,Other,Slight Injury,15
Monday,Older_Adult,Male,Advanced,Employee,Beginner,Automobile,Unknown,No defect,Undivided_Two-way,Y,Dry,Daylight,Vehicles,2,1,Forward,Unknown,0,No_pedestrian,Changing_lane,Slight Injury,15
Thursday,Young_Adult,Male,Middle,Employee,Beginner,Other,Unknown,No defect,One-way,No_junction,Not dry,Daylight,Vehicles,1,1,Forward,Driver or rider,3,No_pedestrian,No_distance,Slight Injury,12
Wednesday,Young_Adult,Male,Unknown,Unknown,Unknown,Other,Unknown,No defect,Divided_Two-way,No_junction,Not dry,Darkness,Vehicles,2,1,Other,Unknown,0,No_pedestrian,Other,Slight Injury,18
Wednesday,Adult,Male,Middle,Employee,Beginner,Automobile,Unknown,No defect,One-way,No_junction,Not dry,Darkness,Vehicles,2,1,Forward,Driver or rider,3,No_pedestrian,No_distance,Slight Injury,18
Tuesday,Adult,Male,Middle,Employee,Beginner,Automobile,Unknown,No defect,Undivided_Two-way,No_junction,Dry,Darkness,Vehicles,1,1,Backward,Unknown,0,No_pedestrian,Changing_lane,Serious Injury,19
Friday,Adult,Male,Unknown,Unknown,Unknown,Lorry,Unknown,No defect,Undivided_Two-way,No_junction,Dry,Daylight,Inanimated_Objects,2,1,Other,Driver or rider,3,No_pedestrian,Other,Slight Injury,17
Friday,Adult,Male,Middle,Employee,Intermediate,Automobile,Unknown,No defect,Undivided_Two-way,No_junction,Dry,Daylight,Inanimated_Objects,2,1,Forward,Unknown,0,No_pedestrian,No_distance,Slight Injury,17
Friday,Adult,Male,Middle,Employee,Expert,Public,Unknown,Unknown,Other,Y,Not dry,Daylight,Inanimated_Objects,1,1,Forward,Passenger,3,No_pedestrian,No_distance,Slight Injury,12
Friday,Young_Adult,Male,Middle,Employee,Expert,Lorry,Unknown,No defect,Undivided_Two-way,Y,Dry,Daylight,Animated_Objects,2,1,Forward,Driver or rider,3,No_pedestrian,Changing_lane,Slight Injury,7
Friday,Young_Adult,Male,Middle,Employee,Advanced,Public,Moderate_Exp,Unknown,Undivided_Two-way,Y,Dry,Daylight,Vehicles,2,1,Unknown,Unknown,0,No_pedestrian,Changing_lane,Slight Injury,7
Friday,Young_Adult,Male,Middle,Employee,Beginner,Lorry,Unknown,Unknown,Undivided_Two-way,No_junction,Not dry,Daylight,Vehicles,3,1,Forward,Driver or rider,2,No_pedestrian,Other,Slight Injury,17
Friday,Adult,Male,Unknown,Employee,Beginner,Lorry,Unknown,Unknown,Undivided_Two-way,No_junction,Not dry,Daylight,Animated_Objects,3,1,Forward,Unknown,0,No_pedestrian,No_distance,Slight Injury,17
Friday,Young_Adult,Male,Middle,Employee,Beginner,Lorry,Unknown,No defect,Divided_Two-way,No_junction,Not dry,Daylight,Vehicles,3,1,Forward,Unknown,0,No_pedestrian,No_distance,Slight Injury,17
Friday,Adult,Male,Middle,Employee,Intermediate,Public,Unknown,No defect,Divided_Two-way,Y,Not dry,Daylight,Vehicles,2,1,Forward,Driver or rider,3,No_pedestrian,Driving_carelessly,Slight Injury,9
Friday,Young_Adult,Male,Middle,Owner,Beginner,Public,Unknown,No defect,Divided_Two-way,Y,Not dry,Daylight,Vehicles,2,1,Forward,Unknown,0,No_pedestrian,Other,Slight Injury,9
Wednesday,Adult,Male,Middle,Employee,Advanced,Automobile,Advanced_Exp,Unknown,One-way,No_junction,Dry,Daylight,Vehicles,1,1,Forward,Driver or rider,3,No_pedestrian,No_distance,Slight Injury,16
Sunday,Unknown,Female,Elementary,Employee,Intermediate,Lorry,Unknown,Unknown,Divided_Two-way,Crossing,Dry,Darkness,Vehicles,1,1,Forward,Unknown,0,No_pedestrian,Changing_lane,Slight Injury,18
Sunday,Older_Adult,Male,Elementary,Owner,Advanced,Automobile,Moderate_Exp,Unknown,Undivided_Two-way,Y,Dry,Daylight,Vehicles,3,3,Forward,Driver or rider,3,No_pedestrian,Driving_carelessly,Slight Injury,13
Sunday,Young_Adult,Male,Middle,Employee,Expert,Pick up,Valid_Recent_Exp,Unknown,Unknown,Y,Dry,Daylight,Inanimated_Objects,3,3,Forward,Pedestrian,3,Pedestrian,Other,Slight Injury,13
Sunday,Young_Adult,Male,Middle,Employee,Advanced,Automobile,Advanced_Exp,Unknown,Undivided_Two-way,Y,Dry,Daylight,Animated_Objects,3,3,Forward,Driver or rider,3,No_pedestrian,Changing_lane,Slight Injury,13
Sunday,Young_Adult,Male,Middle,Employee,Advanced,Public,Advanced_Exp,Unknown,Undivided_Two-way,Y,Dry,Daylight,Vehicles,3,3,Forward,Unknown,0,No_pedestrian,Driving_carelessly,Slight Injury,13
Sunday,Unknown,Female,Middle,Employee,Advanced,Public,Valid_Recent_Exp,No defect,Other,No_junction,Dry,Darkness,Vehicles,2,2,Unknown,Unknown,0,No_pedestrian,Changing_lane,Slight Injury,19
Sunday,Adult,Male,Middle,Employee,Expert,Automobile,Moderate_Exp,Unknown,One-way,No_junction,Dry,Darkness,Inanimated_Objects,2,2,Forward,Driver or rider,3,No_pedestrian,Driving_carelessly,Slight Injury,19
Sunday,Adult,Male,Middle,Unknown,Beginner,Unknown,Unknown,No defect,Divided_Two-way,No_junction,Dry,Darkness,Vehicles,2,2,Forward,Unknown,0,No_pedestrian,Changing_lane,Slight Injury,19
Saturday,Adult,Male,Middle,Employee,Intermediate,Lorry,Unknown,No defect,Divided_Two-way,No_junction,Dry,Daylight,Vehicles,1,1,Forward,Driver or rider,3,No_pedestrian,Other,Slight Injury,11
Sunday,Adult,Male,Middle,Employee,Beginner,Automobile,Moderate_Exp,Unknown,Undivided_Two-way,Crossing,Dry,Daylight,Vehicles,3,2,Forward,Unknown,0,No_pedestrian,Driving_carelessly,Slight Injury,12
Sunday,Young_Adult,Male,Unknown,Unknown,Unknown,Lorry,Unknown,No defect,Divided_Two-way,Crossing,Dry,Daylight,Vehicles,3,2,Turn,Driver or rider,3,No_pedestrian,Driving_carelessly,Slight Injury,12
Sunday,Young_Adult,Male,Elementary,Employee,Advanced,Public,Unknown,No defect,Divided_Two-way,Crossing,Dry,Daylight,Vehicles,3,2,Backward,Pedestrian,3,Pedestrian,No_distance,Slight Injury,12
Friday,Young_Adult,Male,Middle,Employee,Advanced,Lorry,Unknown,No defect,One-way,Y,Dry,Darkness,Vehicles,2,1,Forward,Driver or rider,3,No_pedestrian,No_distance,Slight Injury,20
Friday,Adult,Male,Middle,Employee,Expert,Other,Valid_Recent_Exp,No defect,Divided_Two-way,Y,Dry,Darkness,Vehicles,2,1,Forward,Unknown,0,No_pedestrian,Driving_carelessly,Slight Injury,20
Tuesday,Underage,Male,Middle,Employee,Intermediate,Automobile,Unknown,No defect,One-way,Crossing,Not dry,Daylight,Vehicles,2,1,Backward,Unknown,0,No_pedestrian,Driving_carelessly,Slight Injury,12
Tuesday,Young_Adult,Male,Middle,Owner,Expert,Automobile,Unknown,Unknown,Divided_Two-way,Crossing,Not dry,Daylight,Inanimated_Objects,2,1,Forward,Driver or rider,3,No_pedestrian,Other,Slight Injury,12
Thursday,Adult,Male,Middle,Employee,Intermediate,Public,Unknown,Unknown,Divided_Two-way,Y,Dry,Daylight,Inanimated_Objects,2,1,Backward,Unknown,0,No_pedestrian,No_distance,Slight Injury,8
Thursday,Young_Adult,Male,Elementary,Unknown,Advanced,Other,Moderate_Exp,No defect,Undivided_Two-way,Y,Dry,Daylight,Inanimated_Objects,2,1,Forward,Driver or rider,3,No_pedestrian,Changing_lane,Slight Injury,8
Tuesday,Young_Adult,Male,Elementary,Employee,Advanced,Lorry,Unknown,Unknown,Divided_Two-way,Y,Dry,Daylight,Vehicles,1,1,Forward,Unknown,0,No_pedestrian,Other,Serious Injury,8
Tuesday,Adult,Male,Middle,Unknown,Advanced,Automobile,Unknown,Unknown,Divided_Two-way,Y,Dry,Daylight,Animated_Objects,2,1,Forward,Driver or rider,3,No_pedestrian,No_distance,Slight Injury,15
Tuesday,Adult,Male,Middle,Employee,Advanced,Public,Valid_Recent_Exp,No defect,Undivided_Two-way,Y,Dry,Daylight,Vehicles,2,1,Other,Driver or rider,3,No_pedestrian,Other,Slight Injury,15
Sunday,Young_Adult,Male,Elementary,Employee,Expert,Unknown,Advanced_Exp,No defect,Divided_Two-way,Crossing,Dry,Daylight,Animated_Objects,2,1,Other,Unknown,0,No_pedestrian,Other,Slight Injury,18
Sunday,Older_Adult,Male,Middle,Unknown,Beginner,Automobile,Advanced_Exp,No defect,Divided_Two-way,Crossing,Dry,Daylight,Vehicles,2,1,Forward,Unknown,0,No_pedestrian,No_distance,Slight Injury,18
Monday,Older_Adult,Male,Middle,Employee,Advanced,Pick up,Unknown,No defect,Other,No_junction,Not dry,Daylight,Animated_Objects,2,1,Backward,Driver or rider,3,No_pedestrian,No_distance,Slight Injury,9
Monday,Older_Adult,Male,Elementary,Employee,Beginner,Public,Advanced_Exp,Unknown,Divided_Two-way,No_junction,Not dry,Daylight,Vehicles,2,1,Forward,Driver or rider,3,No_pedestrian,Driving_carelessly,Slight Injury,9
Wednesday,Adult,Male,Unknown,Unknown,Unknown,Lorry,Unknown,Unknown,Other,Crossing,Dry,Darkness,Vehicles,1,1,Forward,Unknown,0,No_pedestrian,Driving_carelessly,Slight Injury,20
Monday,Adult,Male,Middle,Employee,Expert,Lorry,Unknown,No defect,Undivided_Two-way,Y,Dry,Daylight,Vehicles,3,1,Forward,Pedestrian,3,Pedestrian,Changing_lane,Slight Injury,9
Monday,Adult,Male,Middle,Owner,Intermediate,Lorry,Valid_Recent_Exp,No defect,Divided_Two-way,Y,Dry,Daylight,Vehicles,3,1,Forward,Unknown,0,No_pedestrian,No_distance,Slight Injury,9
Monday,Unknown,Female,Middle,Employee,Beginner,Public,Valid_Recent_Exp,No defect,Divided_Two-way,Y,Dry,Daylight,Vehicles,3,1,Backward,Driver or rider,2,No_pedestrian,Other,Slight Injury,9
Wednesday,Older_Adult,Male,Middle,Employee,Beginner,Lorry,Unknown,No defect,Other,No_junction,Not dry,Darkness,Vehicles,1,1,Forward,Driver or rider,2,No_pedestrian,Changing_lane,Fatal injury,20
Tuesday,Young_Adult,Male,Advanced,Owner,Intermediate,Lorry,Unknown,No defect,Other,Crossing,Not dry,Daylight,Vehicles,6,6,Forward,Unknown,0,No_pedestrian,Changing_lane,Serious Injury,11
Tuesday,Young_Adult,Male,Unknown,Unknown,Unknown,Other,Unknown,No defect,Divided_Two-way,Crossing,Not dry,Daylight,Vehicles,6,6,Forward,Pedestrian,3,No_pedestrian,Other,Serious Injury,11
Tuesday,Underage,Male,Elementary,Owner,Intermediate,Lorry,Unknown,No defect,Undivided_Two-way,Crossing,Not dry,Daylight,Vehicles,6,6,Forward,Unknown,0,No_pedestrian,Driving_carelessly,Serious Injury,11
Tuesday,Underage,Male,Middle,Employee,Beginner,Other,Unknown,No defect,Undivided_Two-way,Crossing,Not dry,Daylight,Vehicles,6,6,Forward,Driver or rider,2,No_pedestrian,Other,Serious Injury,11
Tuesday,Underage,Male,Unknown,Owner,Advanced,Automobile,Unknown,No defect,Undivided_Two-way,Crossing,Not dry,Daylight,Vehicles,6,6,Backward,Pedestrian,3,No_pedestrian,Changing_lane,Serious Injury,11
Tuesday,Adult,Male,Middle,Employee,Beginner,Lorry,Unknown,No defect,Undivided_Two-way,Crossing,Not dry,Daylight,Vehicles,6,6,Forward,Unknown,0,No_pedestrian,Changing_lane,Serious Injury,11
Tuesday,Young_Adult,Male,Middle,Employee,Intermediate,Pick up,Unknown,No defect,Undivided_Two-way,Crossing,Not dry,Daylight,Other,6,6,Forward,Driver or rider,3,No_pedestrian,Other,Serious Injury,11
Saturday,Adult,Male,Middle,Employee,Advanced,Public,Unknown,No defect,Undivided_Two-way,Y,Dry,Daylight,Inanimated_Objects,2,1,Backward,Pedestrian,2,Pedestrian,Other,Slight Injury,14
Saturday,Young_Adult,Male,Middle,Employee,Expert,Automobile,Unknown,No defect,Unknown,Y,Dry,Daylight,Vehicles,2,1,Backward,Unknown,0,No_pedestrian,Changing_lane,Slight Injury,14
Friday,Older_Adult,Male,Elementary,Employee,Intermediate,Automobile,Unknown,No defect,Divided_Two-way,Crossing,Dry,Darkness,Vehicles,3,6,Forward,Driver or rider,3,No_pedestrian,Other,Serious Injury,20
Friday,Older_Adult,Male,Elementary,Owner,Expert,Public,Unknown,No defect,Undivided_Two-way,Crossing,Dry,Darkness,Vehicles,3,6,Turn,Unknown,0,No_pedestrian,No_distance,Serious Injury,20
Friday,Older_Adult,Male,Middle,Employee,Beginner,Automobile,Unknown,No defect,Divided_Two-way,Crossing,Dry,Darkness,Animated_Objects,3,6,Turn,Driver or rider,3,No_pedestrian,Other,Serious Injury,20
Friday,Older_Adult,Male,Middle,Employee,Advanced,Automobile,Moderate_Exp,Unknown,Divided_Two-way,Crossing,Dry,Darkness,Animated_Objects,3,6,Forward,Unknown,0,No_pedestrian,Changing_lane,Serious Injury,20
Friday,Older_Adult,Male,Middle,Employee,Intermediate,Automobile,Moderate_Exp,Unknown,One-way,Crossing,Dry,Darkness,Vehicles,3,6,Forward,Driver or rider,3,No_pedestrian,Changing_lane,Serious Injury,20
Friday,Young_Adult,Female,Middle,Employee,Intermediate,Lorry,Moderate_Exp,Unknown,Undivided_Two-way,Crossing,Dry,Darkness,Vehicles,3,6,Forward,Unknown,0,No_pedestrian,Driving_carelessly,Serious Injury,20
Friday,Young_Adult,Male,Middle,Employee,Intermediate,Automobile,Moderate_Exp,Unknown,Undivided_Two-way,Y,Dry,Darkness,Animated_Objects,2,2,Forward,Pedestrian,3,Pedestrian,No_distance,Slight Injury,19
Friday,Young_Adult,Male,Middle,Employee,Intermediate,Automobile,Moderate_Exp,No defect,Divided_Two-way,Y,Dry,Darkness,Animated_Objects,2,2,Forward,Driver or rider,3,No_pedestrian,Driving_carelessly,Slight Injury,19
Saturday,Older_Adult,Male,Middle,Employee,Expert,Public,Unknown,No defect,One-way,Crossing,Dry,Darkness,Animated_Objects,1,1,Forward,Unknown,0,No_pedestrian,Other,Serious Injury,23
Thursday,Adult,Male,Middle,Employee,Expert,Automobile,Unknown,No defect,Undivided_Two-way,No_junction,Dry,Darkness,Vehicles,1,1,Stop,Pedestrian,3,Pedestrian,Changing_lane,Slight Injury,18
Monday,Older_Adult,Male,Elementary,Employee,Advanced,Automobile,Moderate_Exp,No defect,One-way,Y,Dry,Daylight,Inanimated_Objects,2,1,Backward,Passenger,2,No_pedestrian,No_distance,Slight Injury,13
Monday,Young_Adult,Male,Middle,Employee,Expert,Public,Advanced_Exp,No defect,Divided_Two-way,Y,Dry,Daylight,Vehicles,2,1,Other,Driver or rider,3,No_pedestrian,No_distance,Slight Injury,13
Sunday,Adult,Male,Elementary,Owner,Intermediate,Automobile,Unknown,No defect,Divided_Two-way,No_junction,Not dry,Daylight,Vehicles,2,1,Forward,Unknown,0,No_pedestrian,Changing_lane,Slight Injury,8
Sunday,Unknown,Female,Middle,Employee,Advanced,Automobile,Unknown,No defect,Undivided_Two-way,No_junction,Not dry,Daylight,Inanimated_Objects,2,1,Forward,Driver or rider,3,No_pedestrian,Changing_lane,Slight Injury,8
Monday,Underage,Male,Middle,Employee,Beginner,Automobile,Unknown,No defect,Divided_Two-way,Y,Dry,Daylight,Vehicles,2,1,Forward,Unknown,0,No_pedestrian,Changing_lane,Slight Injury,8
Monday,Young_Adult,Male,Middle,Employee,Advanced,Lorry,Unknown,No defect,Undivided_Two-way,Y,Dry,Daylight,Vehicles,2,1,Forward,Driver or rider,2,No_pedestrian,Other,Slight Injury,8
Saturday,Young_Adult,Male,Middle,Employee,Expert,Automobile,Unknown,No defect,One-way,Y,Dry,Daylight,Vehicles,2,1,Forward,Unknown,0,No_pedestrian,Other,Slight Injury,13
Saturday,Adult,Male,Middle,Employee,Advanced,Public,Unknown,No defect,Divided_Two-way,Y,Dry,Daylight,Vehicles,2,1,Forward,Pedestrian,3,No_pedestrian,Changing_lane,Slight Injury,13
Saturday,Young_Adult,Male,Elementary,Employee,Beginner,Automobile,Unknown,No defect,Undivided_Two-way,No_junction,Dry,Daylight,Animated_Objects,2,1,Forward,Pedestrian,2,No_pedestrian,Driving_carelessly,Slight Injury,16
Saturday,Underage,Male,Middle,Employee,Unknown,Automobile,Unknown,No defect,Divided_Two-way,No_junction,Dry,Daylight,Other,2,1,Forward,Unknown,0,No_pedestrian,No_distance,Slight Injury,16