Day_of_week,Age_band_of_driver,Sex_of_driver,Educational_level,Vehicle_driver_relation,Driving_experience,Type_of_vehicle,Service_year_of_vehicle,Defect_of_vehicle,Lanes_or_Medians,Types_of_Junction,Road_surface_conditions,Light_conditions,Type_of_collision,Number_of_vehicles_involved,Number_of_casualties,Vehicle_movement,Casualty_class,Casualty_severity,Pedestrian_movement,Cause_of_accident,Accident_severity,Hour
Saturday,Underage,Male,Elementary,Employee,Beginner,Lorry,Advanced_Exp,No defect,Undivided_Two-way,Y,Not dry,Darkness,Other,2,1,Forward,Pedestrian,3,No_pedestrian,Other,Slight Injury,16
Friday,Underage,Male,Elementary,Employee,Advanced,Lorry,Advanced_Exp,No defect,Other,Y,Dry,Daylight,Animated_Objects,2,2,Forward,Driver or rider,2,No_pedestrian,No_distance,Slight Injury,1
Friday,Adult,Male,Elementary,Employee,Beginner,Lorry,Unknown,No defect,Divided_Two-way,Y,Dry,Daylight,Vehicles,2,2,Forward,Unknown,0,No_pedestrian,Changing_lane,Slight Injury,1
Monday,Older_Adult,Male,Elementary,Employee,Advanced,Public,Unknown,No defect,Divided_Two-way,Other,Dry,Daylight,Vehicles,2,2,Backward,Pedestrian,3,Pedestrian,Driving_carelessly,Slight Injury,19
Monday,Adult,Male,Elementary,Employee,Advanced,Lorry,Unknown,No defect,Divided_Two-way,Y,Dry,Daylight,Vehicles,1,1,Forward,Driver or rider,3,No_pedestrian,No_distance,Slight Injury,19
Monday,Adult,Male,Elementary,Employee,Intermediate,Lorry,Unknown,No defect,Divided_Two-way,Y,Dry,Daylight,Animated_Objects,1,1,Forward,Unknown,0,No_pedestrian,Driving_carelessly,Slight Injury,19
Tuesday,Young_Adult,Male,Elementary,Employee,Advanced,Other,Advanced_Exp,No defect,Divided_Two-way,Y,Dry,Daylight,Inanimated_Objects,3,1,Forward,Unknown,0,No_pedestrian,Driving_carelessly,Slight Injury,19
Tuesday,Young_Adult,Male,Unknown,Unknown,Advanced,Lorry,Advanced_Exp,No defect,Undivided_Two-way,Y,Dry,Daylight,Other,3,1,Forward,Driver or rider,3,No_pedestrian,Driving_carelessly,Slight Injury,19
Saturday,Older_Adult,Male,Middle,Employee,Expert,Other,Advanced_Exp,No defect,Undivided_Two-way,Y,Dry,Daylight,Vehicles,3,1,Forward,Unknown,0,No_pedestrian,Driving_carelessly,Slight Injury,17
Saturday,Young_Adult,Male,Middle,Employee,Expert,Automobile,Advanced_Exp,No defect,One-way,Y,Not dry,Daylight,Other,2,2,Backward,Driver or rider,3,No_pedestrian,Changing_lane,Serious Injury,17
Sunday,Adult,Male,Elementary,Employee,Beginner,Lorry,Unknown,Unknown,Divided_Two-way,Y,Not dry,Daylight,Other,2,2,Forward,Driver or rider,3,No_pedestrian,Changing_lane,Serious Injury,21
Sunday,Adult,Male,Elementary,Employee,Advanced,Pick up,Advanced_Exp,No defect,Unknown,Y,Not dry,Daylight,Other,2,2,Forward,Unknown,0,No_pedestrian,Other,Serious Injury,21
Monday,Older_Adult,Male,Elementary,Owner,Advanced,Public,Valid_Recent_Exp,Unknown,Undivided_Two-way,Y,Dry,Darkness,Vehicles,2,1,Backward,Unknown,0,No_pedestrian,Driving_carelessly,Slight Injury,14
Monday,Older_Adult,Male,Elementary,Employee,Intermediate,Automobile,Unknown,Unknown,Divided_Two-way,Y,Dry,Darkness,Vehicles,2,1,Backward,Driver or rider,3,No_pedestrian,Other,Slight Injury,14
Monday,Young_Adult,Male,Elementary,Employee,Expert,Automobile,Advanced_Exp,Unknown,Undivided_Two-way,Y,Dry,Darkness,Inanimated_Objects,2,1,Forward,Unknown,0,No_pedestrian,Other,Slight Injury,14
Sunday,Adult,Male,Elementary,Employee,Intermediate,Public,Moderate_Exp,No defect,Other,No_junction,Dry,Darkness,Inanimated_Objects,2,1,Turn,Driver or rider,3,No_pedestrian,Driving_carelessly,Slight Injury,17
Sunday,Older_Adult,Male,Middle,Employee,Expert,Automobile,Advanced_Exp,Unknown,Divided_Two-way,No_junction,Dry,Daylight,Vehicles,1,2,Turn,Driver or rider,3,No_pedestrian,Changing_lane,Slight Injury,17
Saturday,Young_Adult,Male,Middle,Employee,Beginner,Automobile,Valid_Recent_Exp,No defect,One-way,Crossing,Dry,Daylight,Vehicles,1,2,Forward,Pedestrian,2,Pedestrian,Changing_lane,Slight Injury,21
Saturday,Young_Adult,Male,Middle,Employee,Intermediate,Automobile,Advanced_Exp,Unknown,One-way,Crossing,Not dry,Darkness,Vehicles,2,1,Forward,Passenger,3,No_pedestrian,Driving_carelessly,Slight Injury,21
Tuesday,Young_Adult,Male,Elementary,Employee,Advanced,Lorry,Advanced_Exp,No defect,Divided_Two-way,Crossing,Not dry,Darkness,Vehicles,2,1,Forward,Unknown,0,No_pedestrian,No_distance,Slight Injury,7
Tuesday,Adult,Male,Elementary,Employee,Advanced,Automobile,Advanced_Exp,No defect,Divided_Two-way,Crossing,Not dry,Darkness,Vehicles,2,1,Forward,Driver or rider,3,No_pedestrian,Other,Slight Injury,7
Wednesday,Adult,Male,Elementary,Employee,Beginner,Automobile,Moderate_Exp,No defect,Divided_Two-way,Crossing,Not dry,Darkness,Other,2,1,Forward,Unknown,0,No_pedestrian,Other,Slight Injury,10
Wednesday,Adult,Male,Elementary,Employee,Unknown,Public,Unknown,No defect,Divided_Two-way,Crossing,Not dry,Darkness,Vehicles,2,1,Forward,Driver or rider,3,No_pedestrian,Changing_lane,Serious Injury,13
Wednesday,Adult,Male,Middle,Employee,Beginner,Automobile,Advanced_Exp,No defect,Unknown,Crossing,Not dry,Darkness,Inanimated_Objects,2,1,Stop,Driver or rider,3,No_pedestrian,Driving_carelessly,Serious Injury,13
Wednesday,Adult,Male,Unknown,Employee,Advanced,Automobile,Advanced_Exp,No defect,Undivided_Two-way,No_junction,Dry,Darkness,Animated_Objects,2,1,Backward,Unknown,0,No_pedestrian,Other,Slight Injury,13
Thursday,Young_Adult,Male,Elementary,Owner,Beginner,Public,Unknown,No defect,Other,No_junction,Dry,Darkness,Vehicles,2,1,Other,Unknown,0,No_pedestrian,Other,Slight Injury,11
Thursday,Young_Adult,Male,Middle,Employee,Advanced,Automobile,Unknown,No defect,Other,No_junction,Not dry,Daylight,Vehicles,2,1,Forward,Driver or rider,3,No_pedestrian,Changing_lane,Slight Injury,11
Wednesday,Young_Adult,Male,Middle,Employee,Intermediate,Automobile,Advanced_Exp,No defect,Other,Y,Not dry,Daylight,Vehicles,2,1,Forward,Driver or rider,3,No_pedestrian,Driving_carelessly,Slight Injury,19
Wednesday,Young_Adult,Male,Middle,Employee,Intermediate,Automobile,Unknown,Unknown,Unknown,Y,Dry,Darkness,Vehicles,1,1,Forward,Unknown,0,No_pedestrian,Driving_carelessly,Slight Injury,19
Friday,Adult,Male,Middle,Employee,Advanced,Lorry,Unknown,No defect,Undivided_Two-way,No_junction,Not dry,Daylight,Vehicles,1,1,Forward,Driver or rider,2,No_pedestrian,Other,Serious Injury,9
Friday,Young_Adult,Male,Middle,Owner,Beginner,Automobile,Advanced_Exp,No defect,Other,No_junction,Dry,Daylight,Vehicles,2,1,Forward,Unknown,0,No_pedestrian,Changing_lane,Serious Injury,9
Wednesday,Young_Adult,Male,Middle,Employee,Beginner,Public,Valid_Recent_Exp,No defect,Other,Crossing,Dry,Daylight,Vehicles,2,1,Forward,Pedestrian,3,Pedestrian,Other,Serious Injury,14
Wednesday,Older_Adult,Female,Middle,Employee,Unknown,Automobile,Moderate_Exp,No defect,Undivided_Two-way,Crossing,Dry,Darkness,Inanimated_Objects,2,1,Forward,Driver or rider,3,No_pedestrian,No_distance,Serious Injury,14
Friday,Adult,Male,Middle,Employee,Beginner,Automobile,Unknown,No defect,Other,No_junction,Dry,Darkness,Other,2,1,Forward,Driver or rider,3,No_pedestrian,Driving_carelessly,Serious Injury,14
Friday,Adult,Male,Middle,Employee,Intermediate,Lorry,Unknown,No defect,Undivided_Two-way,No_junction,Dry,Daylight,Vehicles,2,1,Forward,Passenger,3,No_pedestrian,No_distance,Serious Injury,14
Tuesday,Unknown,Male,Middle,Employee,Intermediate,Automobile,Moderate_Exp,No defect,One-way,No_junction,Dry,Daylight,Animated_Objects,2,1,Forward,Driver or rider,3,No_pedestrian,Changing_lane,Serious Injury,22
Tuesday,Older_Adult,Male,Middle,Employee,Advanced,Other,Advanced_Exp,No defect,Other,Y,Not dry,Darkness,Vehicles,2,1,Forward,Unknown,0,No_pedestrian,Driving_carelessly,Serious Injury,22
Thursday,Young_Adult,Male,Elementary,Employee,Advanced,Unknown,Valid_Recent_Exp,No defect,Undivided_Two-way,Y,Not dry,Darkness,Vehicles,2,1,Forward,Pedestrian,3,No_pedestrian,No_distance,Serious Injury,7
Thursday,Adult,Male,Unknown,Owner,Advanced,Automobile,Unknown,No defect,One-way,Y,Dry,Daylight,Animated_Objects,1,1,Backward,Driver or rider,3,No_pedestrian,No_distance,Slight Injury,7
Thursday,Young_Adult,Male,Middle,Employee,Advanced,Automobile,Unknown,No defect,Undivided_Two-way,Y,Dry,Daylight,Animated_Objects,2,1,Forward,Unknown,0,No_pedestrian,Changing_lane,Serious Injury,7
Thursday,Adult,Male,Middle,Owner,Advanced,Automobile,Unknown,No defect,Other,Y,Dry,Daylight,Vehicles,2,1,Backward,Unknown,0,No_pedestrian,No_distance,Serious Injury,7
Wednesday,Adult,Male,Elementary,Employee,Intermediate,Public,Advanced_Exp,No defect,Other,Crossing,Dry,Daylight,Vehicles,2,1,Backward,Driver or rider,3,No_pedestrian,Changing_lane,Serious Injury,8
Wednesday,Adult,Male,Middle,Employee,Advanced,Unknown,Advanced_Exp,No defect,One-way,Crossing,Dry,Daylight,Vehicles,2,1,Forward,Pedestrian,2,Pedestrian,No_distance,Serious Injury,8
Tuesday,Older_Adult,Male,Middle,Employee,Beginner,Automobile,Unknown,No defect,One-way,Y,Dry,Daylight,Vehicles,6,6,Forward,Passenger,3,No_pedestrian,No_distance,Slight Injury,16
Friday,Young_Adult,Male,Middle,Employee,Beginner,Automobile,Advanced_Exp,No defect,Undivided_Two-way,Y,Dry,Daylight,Vehicles,6,6,Forward,Driver or rider,3,No_pedestrian,No_distance,Slight Injury,22
Friday,Young_Adult,Male,Elementary,Employee,Intermediate,Other,Unknown,No defect,Other,Y,Dry,Daylight,Inanimated_Objects,6,6,Forward,Unknown,0,No_pedestrian,Changing_lane,Slight Injury,22
Friday,Young_Adult,Male,Elementary,Employee,Intermediate,Automobile,Unknown,Unknown,Undivided_Two-way,Crossing,Dry,Daylight,Vehicles,6,6,Forward,Driver or rider,3,No_pedestrian,Changing_lane,Slight Injury,22
Friday,Young_Adult,Female,Elementary,Employee,Advanced,Lorry,Unknown,Unknown,Other,Crossing,Dry,Daylight,Vehicles,6,6,Forward,Unknown,0,No_pedestrian,Other,Slight Injury,22
Saturday,Young_Adult,Female,Middle,Employee,Advanced,Automobile,Advanced_Exp,No defect,Other,Crossing,Dry,Darkness,Vehicles,2,3,Unknown,Unknown,0,No_pedestrian,Changing_lane,Fatal injury,3
Tuesday,Older_Adult,Female,Middle,Employee,Expert,Other,Moderate_Exp,No defect,One-way,Crossing,Dry,Darkness,Vehicles,2,2,Other,Passenger,3,No_pedestrian,No_distance,Slight Injury,9
Tuesday,Unknown,Female,Elementary,Owner,Intermediate,Public,Moderate_Exp,No defect,Undivided_Two-way,Crossing,Dry,Daylight,Vehicles,1,1,Forward,Driver or rider,3,No_pedestrian,Other,Slight Injury,9
Tuesday,Unknown,Female,Middle,Employee,Advanced,Automobile,Unknown,Unknown,Other,Y,Not dry,Daylight,Vehicles,2,1,Unknown,Unknown,0,No_pedestrian,Other,Slight Injury,9
Tuesday,Unknown,Male,Middle,Employee,Beginner,Automobile,Unknown,No defect,Other,No_junction,Not dry,Daylight,Vehicles,2,1,Turn,Driver or rider,3,No_pedestrian,Other,Slight Injury,9
Tuesday,Unknown,Male,Middle,Employee,Advanced,Public,Unknown,No defect,Divided_Two-way,No_junction,Dry,Darkness,Vehicles,2,1,Backward,Unknown,0,No_pedestrian,Changing_lane,Slight Injury,9
Tuesday,Unknown,Male,Middle,Employee,Expert,Lorry,Valid_Recent_Exp,No defect,Undivided_Two-way,No_junction,Dry,Darkness,Vehicles,2,1,Forward,Driver or rider,3,No_pedestrian,Driving_carelessly,Slight Injury,9
Thursday,Underage,Male,Middle,Employee,Advanced,Lorry,Advanced_Exp,No defect,Undivided_Two-way,No_junction,Dry,Daylight,Vehicles,2,1,Other,Unknown,0,No_pedestrian,Driving_carelessly,Slight Injury,7
Thursday,Young_Adult,Male,Elementary,Employee,Beginner,Lorry,Unknown,No defect,Other,No_junction,Dry,Daylight,Vehicles,2,1,Backward,Unknown,0,No_pedestrian,Changing_lane,Slight Injury,7
Tuesday,Young_Adult,Male,Middle,Employee,Unknown,Other,Valid_Recent_Exp,No defect,Undivided_Two-way,No_junction,Dry,Daylight,Vehicles,3,3,Forward,Driver or rider,3,No_pedestrian,Changing_lane,Serious Injury,20
Tuesday,Young_Adult,Male,Advanced,Employee,Beginner,Lorry,Moderate_Exp,No defect,Undivided_Two-way,No_junction,Dry,Daylight,Vehicles,3,3,Other,Driver or rider,3,No_pedestrian,Other,Serious Injury,20
Tuesday,Young_Adult,Female,Middle,Employee,Expert,Automobile,Unknown,No defect,One-way,No_junction,Dry,Daylight,Vehicles,3,3,Backward,Unknown,0,No_pedestrian,No_distance,Serious Injury,17
Tuesday,Adult,Male,Middle,Employee,Beginner,Automobile,Moderate_Exp,No defect,Undivided_Two-way,No_junction,Dry,Daylight,Vehicles,3,3,Forward,Unknown,0,No_pedestrian,Driving_carelessly,Serious Injury,17
Tuesday,Adult,Male,Middle,Employee,Advanced,Other,Unknown,Unknown,Other,No_junction,Dry,Daylight,Inanimated_Objects,1,1,Forward,Driver or rider,3,No_pedestrian,Changing_lane,Slight Injury,17
Saturday,Unknown,Male,Middle,Employee,Intermediate,Other,Unknown,With defect,Other,Crossing,Dry,Daylight,Vehicles,3,2,Backward,Passenger,3,No_pedestrian,Changing_lane,Slight Injury,15
Saturday,Young_Adult,Male,Unknown,Unknown,Unknown,Automobile,Advanced_Exp,Unknown,Other,Crossing,Dry,Daylight,Vehicles,3,2,Forward,Unknown,0,No_pedestrian,No_distance,Slight Injury,15
Saturday,Young_Adult,Female,Middle,Employee,Intermediate,Automobile,Advanced_Exp,With defect,Other,Other,Dry,Daylight,Vehicles,3,2,Stop,Driver or rider,3,No_pedestrian,Driving_carelessly,Slight Injury,9
Saturday,Older_Adult,Female,Middle,Employee,Intermediate,Lorry,Unknown,No defect,Undivided_Two-way,Other,Dry,Daylight,Vehicles,2,1,Forward,Passenger,3,No_pedestrian,Driving_carelessly,Slight Injury,9
Saturday,Adult,Female,Middle,Employee,Expert,Lorry,Unknown,No defect,Divided_Two-way,Y,Dry,Daylight,Animated_Objects,2,1,Forward,Pedestrian,3,No_pedestrian,Driving_carelessly,Slight Injury,9
Monday,Young_Adult,Male,Middle,Employee,Beginner,Lorry,Unknown,No defect,Divided_Two-way,No_junction,Dry,Darkness,Vehicles,3,3,Backward,Unknown,0,No_pedestrian,Other,Slight Injury,11
Monday,Older_Adult,Male,Advanced,Owner,Beginner,Lorry,Moderate_Exp,Unknown,Undivided_Two-way,Unknown,Dry,Darkness,Vehicles,3,3,Forward,Driver or rider,3,No_pedestrian,No_distance,Slight Injury,11
Friday,Unknown,Male,Advanced,Employee,Unknown,Lorry,Moderate_Exp,Unknown,Undivided_Two-way,Unknown,Dry,Darkness,Vehicles,3,3,Forward,Driver or rider,3,No_pedestrian,No_distance,Slight Injury,13
Friday,Young_Adult,Male,Middle,Employee,Beginner,Automobile,Unknown,No defect,Divided_Two-way,Unknown,Dry,Darkness,Vehicles,3,3,Forward,Unknown,0,No_pedestrian,No_distance,Slight Injury,13
Thursday,Young_Adult,Male,Middle,Employee,Advanced,Automobile,Unknown,Unknown,Divided_Two-way,No_junction,Dry,Darkness,Vehicles,3,3,Forward,Unknown,0,No_pedestrian,Changing_lane,Slight Injury,15
Thursday,Young_Adult,Male,Middle,Employee,Expert,Other,Valid_Recent_Exp,Unknown,Undivided_Two-way,Y,Dry,Daylight,Vehicles,2,3,Forward,Driver or rider,3,No_pedestrian,Changing_lane,Slight Injury,15
Thursday,Adult,Male,Middle,Employee,Expert,Automobile,Advanced_Exp,Unknown,Divided_Two-way,No_junction,Dry,Daylight,Vehicles,2,3,Backward,Passenger,3,No_pedestrian,Other,Slight Injury,15
Thursday,Adult,Male,Middle,Owner,Advanced,Automobile,Advanced_Exp,No defect,Undivided_Two-way,No_junction,Dry,Daylight,Vehicles,2,3,Forward,Passenger,3,No_pedestrian,Changing_lane,Slight Injury,10
Thursday,Adult,Male,Elementary,Employee,Intermediate,Automobile,Moderate_Exp,No defect,One-way,Y,Dry,Daylight,Animated_Objects,2,3,Forward,Driver or rider,3,No_pedestrian,Driving_carelessly,Slight Injury,10
Thursday,Young_Adult,Male,Middle,Employee,Intermediate,Automobile,Unknown,No defect,Divided_Two-way,Y,Dry,Daylight,Vehicles,2,1,Backward,Driver or rider,3,No_pedestrian,Other,Slight Injury,15
Thursday,Young_Adult,Male,Middle,Employee,Beginner,Public,Moderate_Exp,Unknown,Divided_Two-way,Y,Dry,Daylight,Vehicles,2,1,Backward,Passenger,3,No_pedestrian,Driving_carelessly,Slight Injury,15
Thursday,Young_Adult,Male,Middle,Employee,Intermediate,Lorry,Advanced_Exp,Unknown,Undivided_Two-way,Crossing,Dry,Daylight,Vehicles,2,1,Forward,Driver or rider,2,No_pedestrian,Driving_carelessly,Slight Injury,18
Monday,Young_Adult,Male,Elementary,Employee,Advanced,Lorry,Unknown,No defect,One-way,Y,Dry,Daylight,Inanimated_Objects,2,2,Forward,Driver or rider,3,No_pedestrian,Driving_carelessly,Slight Injury,3
Monday,Young_Adult,Male,Middle,Employee,Expert,Automobile,Advanced_Exp,No defect,Divided_Two-way,Y,Dry,Daylight,Vehicles,2,2,Forward,Unknown,0,No_pedestrian,Driving_carelessly,Slight Injury,3
Sunday,Adult,Male,Unknown,Unknown,Unknown,Other,Unknown,No defect,Divided_Two-way,No_junction,Dry,Daylight,Vehicles,2,1,Forward,Driver or rider,3,No_pedestrian,Driving_carelessly,Slight Injury,17
Sunday,Young_Adult,Male,Middle,Employee,Intermediate,Automobile,Unknown,No defect,Unknown,No_junction,Dry,Daylight,Vehicles,2,1,Forward,Pedestrian,3,Pedestrian,Other,Slight Injury,17
Sunday,Young_Adult,Male,Middle,Employee,Advanced,Pick up,Valid_Recent_Exp,No defect,One-way,No_junction,Dry,Darkness,Vehicles,2,1,Forward,Pedestrian,3,No_pedestrian,Driving_carelessly,Slight Injury,17
Sunday,Young_Adult,Male,Advanced,Employee,Intermediate,Other,Unknown,No defect,Divided_Two-way,Y,Dry,Darkness,Vehicles,2,1,Forward,Pedestrian,3,No_pedestrian,Driving_carelessly,Slight Injury,17
Friday,Adult,Male,Unknown,Unknown,Unknown,Automobile,Advanced_Exp,Unknown,Divided_Two-way,Y,Dry,Daylight,Vehicles,2,2,Forward,Unknown,0,No_pedestrian,Changing_lane,Slight Injury,19
Thursday,Adult,Male,Unknown,Employee,Beginner,Pick up,Unknown,Unknown,One-way,Crossing,Dry,Daylight,Vehicles,2,2,Forward,Driver or rider,3,No_pedestrian,Changing_lane,Slight Injury,10
Thursday,Older_Adult,Male,Middle,Employee,Intermediate,Other,Moderate_Exp,No defect,Undivided_Two-way,No_junction,Dry,Daylight,Inanimated_Objects,2,2,Other,Driver or rider,3,No_pedestrian,Driving_carelessly,Slight Injury,10
Friday,Underage,Male,Middle,Employee,Expert,Automobile,Advanced_Exp,No defect,Undivided_Two-way,Unknown,Dry,Daylight,Vehicles,3,1,Forward,Driver or rider,3,No_pedestrian,Driving_carelessly,Slight Injury,9
Friday,Young_Adult,Male,Middle,Employee,Beginner,Lorry,Advanced_Exp,No defect,Other,Other,Dry,Daylight,Vehicles,3,1,Backward,Passenger,3,No_pedestrian,Other,Slight Injury,9
Monday,Young_Adult,Male,Middle,Employee,Intermediate,Automobile,Moderate_Exp,No defect,Divided_Two-way,Other,Dry,Daylight,Vehicles,3,1,Forward,Driver or rider,3,No_pedestrian,No_distance,Slight Injury,16
Monday,Young_Adult,Male,Middle,Employee,Beginner,Automobile,Valid_Recent_Exp,Unknown,Undivided_Two-way,No_junction,Dry,Daylight,Vehicles,2,1,Backward,Pedestrian,3,Pedestrian,Changing_lane,Slight Injury,16
Thursday,Young_Adult,Male,Middle,Employee,Advanced,Lorry,Moderate_Exp,Unknown,Divided_Two-way,No_junction,Dry,Daylight,Other,2,1,Forward,Unknown,0,No_pedestrian,Changing_lane,Slight Injury,19
Wednesday,Young_Adult,Male,Advanced,Employee,Beginner,Automobile,Unknown,No defect,One-way,No_junction,Not dry,Daylight,Vehicles,1,1,Backward,Driver or rider,3,No_pedestrian,No_distance,Slight Injury,16
Wednesday,Adult,Male,Middle,Employee,Beginner,Public,Valid_Recent_Exp,No defect,Undivided_Two-way,Y,Dry,Daylight,Vehicles,2,1,Unknown,Driver or rider,3,No_pedestrian,Changing_lane,Slight Injury,12
Friday,Adult,Male,Unknown,Unknown,Unknown,Lorry,Unknown,No defect,Undivided_Two-way,Y,Dry,Daylight,Inanimated_Objects,2,1,Forward,Unknown,0,No_pedestrian,Driving_carelessly,Slight Injury,19
Friday,Young_Adult,Male,Middle,Employee,Beginner,Pick up,Unknown,Unknown,Divided_Two-way,Y,Dry,Daylight,Vehicles,2,1,Backward,Driver or rider,3,No_pedestrian,Changing_lane,Slight Injury,19
Saturday,Young_Adult,Male,Middle,Employee,Beginner,Lorry,Moderate_Exp,Unknown,One-way,Y,Dry,Daylight,Vehicles,2,1,Other,Passenger,3,No_pedestrian,No_distance,Slight Injury,17
Saturday,Older_Adult,Male,Unknown,Unknown,Unknown,Other,Advanced_Exp,Unknown,Undivided_Two-way,Crossing,Not dry,Daylight,Vehicles,1,1,Forward,Unknown,0,No_pedestrian,Changing_lane,Serious Injury,17
Saturday,Older_Adult,Male,Middle,Employee,Intermediate,Automobile,Unknown,Unknown,Other,No_junction,Dry,Daylight,Inanimated_Objects,2,1,Forward,Pedestrian,3,Pedestrian,No_distance,Slight Injury,17
Tuesday,Young_Adult,Male,Middle,Employee,Expert,Lorry,Advanced_Exp,No defect,Divided_Two-way,No_junction,Dry,Daylight,Inanimated_Objects,2,1,Forward,Driver or rider,3,No_pedestrian,Other,Slight Injury,18
Tuesday,Young_Adult,Male,Middle,Employee,Expert,Lorry,Unknown,No defect,Undivided_Two-way,No_junction,Dry,Daylight,Vehicles,3,2,Backward,Pedestrian,3,No_pedestrian,No_distance,Slight Injury,18
Thursday,Adult,Male,Middle,Employee,Advanced,Lorry,Unknown,No defect,Undivided_Two-way,Y,Dry,Daylight,Vehicles,3,2,Forward,Driver or rider,3,No_pedestrian,Other,Slight Injury,15
Sunday,Underage,Male,Middle,Employee,Beginner,Automobile,Valid_Recent_Exp,No defect,One-way,Y,Dry,Daylight,Inanimated_Objects,3,2,Forward,Unknown,0,No_pedestrian,Other,Slight Injury,14
Friday,Adult,Male,Unknown,Employee,Beginner,Automobile,Unknown,No defect,Undivided_Two-way,Y,Not dry,Daylight,Inanimated_Objects,2,1,Forward,Unknown,0,No_pedestrian,Driving_carelessly,Slight Injury,17
Friday,Adult,Male,Middle,Employee,Beginner,Automobile,Unknown,Unknown,Undivided_Two-way,Crossing,Not dry,Daylight,Vehicles,2,1,Forward,Driver or rider,3,No_pedestrian,Other,Slight Injury,17
Friday,Adult,Male,Middle,Employee,Intermediate,Lorry,Unknown,No defect,Other,Crossing,Dry,Daylight,Animated_Objects,2,1,Other,Passenger,3,No_pedestrian,Changing_lane,Serious Injury,17
Sunday,Older_Adult,Male,Middle,Owner,Beginner,Lorry,Unknown,Unknown,Divided_Two-way,Crossing,Dry,Daylight,Vehicles,2,1,Unknown,Passenger,2,No_pedestrian,Changing_lane,Serious Injury,17
Sunday,Underage,Male,Middle,Employee,Advanced,Lorry,Advanced_Exp,Unknown,Divided_Two-way,Y,Not dry,Daylight,Vehicles,2,1,Forward,Driver or rider,3,No_pedestrian,Changing_lane,Slight Injury,17
Monday,Young_Adult,Male,Elementary,Employee,Intermediate,Lorry,Advanced_Exp,Unknown,Undivided_Two-way,Y,Not dry,Daylight,Vehicles,2,1,Turn,Unknown,0,No_pedestrian,Other,Slight Injury,16
Monday,Adult,Male,Elementary,Owner,Advanced,Other,Moderate_Exp,Unknown,One-way,Y,Dry,Daylight,Vehicles,2,1,Forward,Pedestrian,3,Pedestrian,Driving_carelessly,Slight Injury,16
Monday,Young_Adult,Male,Middle,Employee,Expert,Lorry,Moderate_Exp,No defect,One-way,Y,Dry,Daylight,Vehicles,2,1,Backward,Pedestrian,3,Pedestrian,Driving_carelessly,Slight Injury,16
Thursday,Young_Adult,Male,Middle,Employee,Advanced,Lorry,Unknown,No defect,Divided_Two-way,Y,Dry,Daylight,Inanimated_Objects,2,1,Backward,Pedestrian,3,Pedestrian,Changing_lane,Serious Injury,9
Thursday,Young_Adult,Male,Middle,Employee,Advanced,Public,Unknown,No defect,Divided_Two-way,Y,Dry,Daylight,Inanimated_Objects,2,1,Forward,Unknown,0,No_pedestrian,Changing_lane,Serious Injury,9
Saturday,Young_Adult,Male,Middle,Employee,Advanced,Automobile,Advanced_Exp,No defect,Divided_Two-way,Crossing,Dry,Daylight,Vehicles,1,2,Other,Driver or rider,3,No_pedestrian,Changing_lane,Serious Injury,8
Friday,Adult,Male,Middle,Employee,Expert,Automobile,Unknown,Unknown,Divided_Two-way,Crossing,Dry,Daylight,Vehicles,1,2,Forward,Unknown,0,No_pedestrian,Changing_lane,Serious Injury,10
Wednesday,Young_Adult,Male,Middle,Unknown,Beginner,Pick up,Unknown,No defect,One-way,Y,Not dry,Daylight,Vehicles,2,1,Forward,Driver or rider,3,No_pedestrian,Changing_lane,Slight Injury,16
Thursday,Young_Adult,Male,Middle,Employee,Intermediate,Unknown,Moderate_Exp,No defect,One-way,Y,Not dry,Daylight,Vehicles,2,1,Forward,Unknown,0,No_pedestrian,Other,Slight Injury,17
Thursday,Adult,Male,Middle,Employee,Beginner,Automobile,Unknown,No defect,Divided_Two-way,Y,Dry,Daylight,Vehicles,2,2,Forward,Driver or rider,3,No_pedestrian,Other,Serious Injury,17
Thursday,Adult,Male,Unknown,Unknown,Unknown,Unknown,Advanced_Exp,No defect,Divided_Two-way,Y,Dry,Daylight,Vehicles,2,2,Forward,Driver or rider,3,No_pedestrian,Changing_lane,Serious Injury,17
Thursday,Adult,Male,Elementary,Employee,Advanced,Automobile,Moderate_Exp,Unknown,Divided_Two-way,Y,Dry,Daylight,Vehicles,2,2,Forward,Unknown,0,No_pedestrian,Other,Serious Injury,17
Monday,Young_Adult,Female,Middle,Employee,Advanced,Automobile,Advanced_Exp,Unknown,Other,Crossing,Dry,Daylight,Vehicles,1,1,Forward,Driver or rider,3,No_pedestrian,Driving_carelessly,Serious Injury,15
Monday,Young_Adult,Male,Middle,Employee,Expert,Lorry,Unknown,Unknown,Divided_Two-way,Y,Not dry,Daylight,Vehicles,3,4,Forward,Unknown,0,No_pedestrian,Other,Slight Injury,15
Monday,Young_Adult,Male,Middle,Employee,Intermediate,Public,Unknown,Unknown,Divided_Two-way,Y,Not dry,Daylight,Vehicles,3,4,Other,Driver or rider,3,No_pedestrian,No_distance,Slight Injury,15
Monday,Adult,Male,Middle,Owner,Expert,Public,Unknown,Unknown,Divided_Two-way,Y,Not dry,Daylight,Other,3,4,Forward,Unknown,0,No_pedestrian,Driving_carelessly,Slight Injury,15